,tree.num,simulation,method,quality,missing,maf,int,noref,tree.height,ingroup.tree.height,Avg.BLs,SD.BLs,mean.support,sd.support,gamma,ingroup.gamma,colless,ingroup.colless,sackin,ingroup.sackin,tree,snps
1,1,1,raxml,40,0.25,0,EXT,REF,7.59608590652018e-05,0.0694236746680931,0.00813190399604744,0.0129650657816433,95.8541666666667,13.6599890709488,1.85094028213685,2.94053185142989,0.230634366781084,0.367695526217005,0.604042389188553,0.978635785162182,s1_q40_miss0.25_maf0.REF.cichlids.EXT.noInv,299550
2,1,1,raxml,40,0.25,0,EXT,REF,7.59608590652018e-05,0.0694236746680931,0.00813190399604744,0.0129650657816433,95.8541666666667,13.6599890709488,1.85094028213685,2.94053185142989,0.230634366781084,0.367695526217005,0.604042389188553,0.978635785162182,s1_q40_miss0.25_maf0.REF.cichlids.EXT.noInv,137040
3,2,5,raxml,40,0.25,0,EXT,REF,6.33230513011192e-05,0.0648753356596926,0.00893397418208579,0.0124498205980459,93.2291666666667,19.6373933176493,1.34243830374854,1.95792927672624,0.280056016805602,0.398808224589213,0.680920511448915,0.992777920785913,s5_q40_miss0.25_maf0.REF.cichlids.EXT.noInv,297272
4,2,5,raxml,40,0.25,0,EXT,REF,6.33230513011192e-05,0.0648753356596926,0.00893397418208579,0.0124498205980459,93.2291666666667,19.6373933176493,1.34243830374854,1.95792927672624,0.280056016805602,0.398808224589213,0.680920511448915,0.992777920785913,s5_q40_miss0.25_maf0.REF.cichlids.EXT.noInv,150294
5,3,3,raxml,40,0.25,0,EXT,REF,0.000117809058789125,0.0423736153323874,0.00816109510602395,0.0118656766917593,97.2291666666667,10.4173333120014,0.838374753716728,1.60510949524131,0.304766841817861,0.424264068711929,0.777018164274366,1.02954747340761,s3_q40_miss0.25_maf0.REF.cichlids.EXT.noInv,279046
6,3,3,raxml,40,0.25,0,EXT,REF,0.000117809058789125,0.0423736153323874,0.00816109510602395,0.0118656766917593,97.2291666666667,10.4173333120014,0.838374753716728,1.60510949524131,0.304766841817861,0.424264068711929,0.777018164274366,1.02954747340761,s3_q40_miss0.25_maf0.REF.cichlids.EXT.noInv,160173
7,4,6,raxml,40,0.25,0,EXT,REF,1.00000050002909e-06,2.00000100005818e-06,0.00661552305366849,0.0104976098878751,97.7708333333333,10.3702511989381,4.02843785225369,3.82238148858785,0.296529900147108,0.752361615182487,0.626007566977228,1.29541962313375,s6_q40_miss0.25_maf0.REF.cichlids.EXT.noInv,176036
8,5,3,raxml,40,0.25,0,INT,REF,0.000381466845923743,0.0515002982801319,0.0083883160667992,0.0112453668059375,95.9791666666667,14.7034365404585,-5.98295565999374,2.4664578140109,0.351442844618795,0.472347329832614,0.829185461522469,1.0776307345283,s3_q40_miss0.25_maf0.REF.cichlids.INT.noInv,400072
9,5,3,raxml,40,0.25,0,INT,REF,0.000381466845923743,0.0515002982801319,0.0083883160667992,0.0112453668059375,95.9791666666667,14.7034365404585,-5.98295565999374,2.4664578140109,0.351442844618795,0.472347329832614,0.829185461522469,1.0776307345283,s3_q40_miss0.25_maf0.REF.cichlids.INT.noInv,241134
10,6,2,raxml,40,0.25,0,EXT,REF,1.00000050002909e-06,0.072546711978319,0.00745291706778336,0.0119187576576521,92.2291666666667,16.3917981350214,0.834149141500581,1.90612676853877,0.359679786289548,0.472347329832614,0.733087808697017,1.08894444302728,s2_q40_miss0.25_maf0.REF.cichlids.EXT.noInv,258110
11,6,2,raxml,40,0.25,0,EXT,REF,1.00000050002909e-06,0.072546711978319,0.00745291706778336,0.0119187576576521,92.2291666666667,16.3917981350214,0.834149141500581,1.90612676853877,0.359679786289548,0.472347329832614,0.733087808697017,1.08894444302728,s2_q40_miss0.25_maf0.REF.cichlids.EXT.noInv,146630
12,7,4,raxml,40,0.25,0,EXT,REF,1.00000050002909e-06,0.056666517761,0.0073406863853961,0.0112302016720299,94.2916666666667,16.7636363461541,-1.21752538434582,2.30360464841491,0.288292958476355,0.390322943214974,0.711122630908342,1.00126320216015,s4_q40_miss0.25_maf0.REF.cichlids.EXT.noInv,282088
13,7,4,raxml,40,0.25,0,EXT,REF,1.00000050002909e-06,0.056666517761,0.0073406863853961,0.0112302016720299,94.2916666666667,16.7636363461541,-1.21752538434582,2.30360464841491,0.288292958476355,0.390322943214974,0.711122630908342,1.00126320216015,s4_q40_miss0.25_maf0.REF.cichlids.EXT.noInv,170834
14,8,7,raxml,40,0.25,0,EXT,REF,1.00000050002909e-06,0.0568240952556212,0.00704765914145947,0.0132899815604987,99.2083333333333,5.06115087968639,1.09847537435337,3.3501383476627,0.277310369582018,0.599626550446192,0.601296741964969,1.19359624664289,s7_q40_miss0.25_maf0.REF.cichlids.EXT.noInv,206000
15,9,8,raxml,40,0.25,0,EXT,REF,1.00000050002909e-06,0.0482728255589719,0.00722215228814357,0.0116396248363048,94.2291666666667,15.4330945633537,0.399897066112249,2.19463825151576,0.31025813626503,0.497803173955329,0.656209686436656,1.06914545315406,s8_q40_miss0.25_maf0.REF.cichlids.EXT.noInv,154057
16,10,3,raxml,40,0,0,INT,REF,0.0756860733479524,1.00000050002909e-06,0.013161653813735,0.0380830886353856,94.0833333333333,12.3181812233983,-5.55576396128427,2.83916770323854,0.302021194594277,1.02106219203337,0.636990155871565,1.53017907448769,s3_q40_miss0_maf0.REF.cichlids.INT.noInv,763147
17,10,3,raxml,40,0,0,INT,REF,0.0756860733479524,1.00000050002909e-06,0.013161653813735,0.0380830886353856,94.0833333333333,12.3181812233983,-5.55576396128427,2.83916770323854,0.302021194594277,1.02106219203337,0.636990155871565,1.53017907448769,s3_q40_miss0_maf0.REF.cichlids.INT.noInv,511755
18,11,5,raxml,40,0.25,0,INT,REF,0.000484300156016018,0.0582712271272276,0.00911593118172138,0.0115988161325706,96.8333333333333,10.5534774612363,-6.10423829294692,2.79573565056079,0.365171080736716,0.480832611206852,0.755052986485692,1.06348859890457,s5_q40_miss0.25_maf0.REF.cichlids.INT.noInv,391726
19,11,5,raxml,40,0.25,0,INT,REF,0.000484300156016018,0.0582712271272276,0.00911593118172138,0.0115988161325706,96.8333333333333,10.5534774612363,-6.10423829294692,2.79573565056079,0.365171080736716,0.480832611206852,0.755052986485692,1.06348859890457,s5_q40_miss0.25_maf0.REF.cichlids.INT.noInv,226726
20,12,1,raxml,40,0,0,EXT,REF,2.01143575710194,1.00000050002909e-06,0.0376147137093827,0.202828664834383,93.3125,14.4577980872578,4.30659203162234,4.81575754597691,0.612279330859306,1.23036579926459,1.02412641439696,1.70554155622195,s1_q40_miss0_maf0.REF.cichlids.EXT.noInv,654903
21,12,1,raxml,40,0,0,EXT,REF,2.01143575710194,1.00000050002909e-06,0.0376147137093827,0.202828664834383,93.3125,14.4577980872578,4.30659203162234,4.81575754597691,0.612279330859306,1.23036579926459,1.02412641439696,1.70554155622195,s1_q40_miss0_maf0.REF.cichlids.EXT.noInv,396574
22,13,1,raxml,40,0.5,0,EXT,REF,6.47893630914904e-05,0.057060856528362,0.00778688378618479,0.0120861289713454,94.9791666666667,15.6347806268021,1.64520560509059,2.86720036367823,0.255345191793343,0.367695526217005,0.672683569778162,0.978635785162182,s1_q40_miss0.50_maf0.REF.cichlids.EXT.noInv,253551
23,13,1,raxml,40,0.5,0,EXT,REF,6.47893630914904e-05,0.057060856528362,0.00778688378618479,0.0120861289713454,94.9791666666667,15.6347806268021,1.64520560509059,2.86720036367823,0.255345191793343,0.367695526217005,0.672683569778162,0.978635785162182,s1_q40_miss0.50_maf0.REF.cichlids.EXT.noInv,117565
24,14,1,raxml,40,0.9,0,EXT,REF,0.00017335311871939,0.0399950190929485,0.00640852040237498,0.00954887904853843,92.8333333333333,17.9079601144573,1.2597182216879,2.37508176529545,0.233380014004668,0.370523953341751,0.606788036412138,0.981464212286928,s1_q40_miss0.90_maf0.REF.cichlids.EXT.noInv,8811
25,14,1,raxml,40,0.9,0,EXT,REF,0.00017335311871939,0.0399950190929485,0.00640852040237498,0.00954887904853843,92.8333333333333,17.9079601144573,1.2597182216879,2.37508176529545,0.233380014004668,0.370523953341751,0.606788036412138,0.981464212286928,s1_q40_miss0.90_maf0.REF.cichlids.EXT.noInv,31530
26,15,1,raxml,40,0.25,0,INT,REF,0.000288632287475167,0.0597756090733062,0.0083195367046705,0.0121912510652603,97.875,7.45090312960842,-6.44901601603289,3.76138437369024,0.345951550171626,0.441234631460406,0.735833455920601,1.05217489040558,s1_q40_miss0.25_maf0.REF.cichlids.INT.noInv,425357
27,15,1,raxml,40,0.25,0,INT,REF,0.000288632287475167,0.0597756090733062,0.0083195367046705,0.0121912510652603,97.875,7.45090312960842,-6.44901601603289,3.76138437369024,0.345951550171626,0.441234631460406,0.735833455920601,1.05217489040558,s1_q40_miss0.25_maf0.REF.cichlids.INT.noInv,207101
28,16,3,raxml,40,0,0,EXT,REF,1.8823077964199,1.00000050002909e-06,0.0360435952992781,0.189507001154278,96.4791666666667,9.78272377189314,-6.65066804772396,3.60500075718295,0.302021194594277,1.02106219203337,0.636990155871565,1.53017907448769,s3_q40_miss0_maf0.REF.cichlids.EXT.noInv,611681
29,16,3,raxml,40,0,0,EXT,REF,1.8823077964199,1.00000050002909e-06,0.0360435952992781,0.189507001154278,96.4791666666667,9.78272377189314,-6.65066804772396,3.60500075718295,0.302021194594277,1.02106219203337,0.636990155871565,1.53017907448769,s3_q40_miss0_maf0.REF.cichlids.EXT.noInv,421073
30,17,1,raxml,40,0.75,0,EXT,REF,8.148205154193e-05,0.0412564977910607,0.00716534939297459,0.0108439529076738,95.2083333333333,15.410632324875,1.20988166173336,2.66313332277935,0.233380014004668,0.379009234715989,0.63973580309515,0.989949493661166,s1_q40_miss0.75_maf0.REF.cichlids.EXT.noInv,108900
31,17,1,raxml,40,0.75,0,EXT,REF,8.148205154193e-05,0.0412564977910607,0.00716534939297459,0.0108439529076738,95.2083333333333,15.410632324875,1.20988166173336,2.66313332277935,0.233380014004668,0.379009234715989,0.63973580309515,0.989949493661166,s1_q40_miss0.75_maf0.REF.cichlids.EXT.noInv,74091
32,18,5,raxml,40,0,0,INT,REF,1.17855883597645,1.00000050002909e-06,0.030356483915528,0.123076159062986,82.7708333333333,31.3696150474779,-4.29346748007587,3.10985044261126,0.34869719739521,1.05217489040558,0.623261919753644,1.52735064736294,s5_q40_miss0_maf0.REF.cichlids.INT.noInv,784018
33,18,5,raxml,40,0,0,INT,REF,1.17855883597645,1.00000050002909e-06,0.030356483915528,0.123076159062986,82.7708333333333,31.3696150474779,-4.29346748007587,3.10985044261126,0.34869719739521,1.05217489040558,0.623261919753644,1.52735064736294,s5_q40_miss0_maf0.REF.cichlids.INT.noInv,496180
34,19,4,raxml,40,0.25,0,INT,REF,4.79567904793015e-05,0.0423536892842921,0.00755411842123062,0.0108270852840524,96.3958333333333,11.8262952299208,-4.97375751398643,3.77095957631717,0.31025813626503,0.554371716450253,0.727596514249848,1.15965512114594,s4_q40_miss0.25_maf0.REF.cichlids.INT.noInv,401756
35,19,4,raxml,40,0.25,0,INT,REF,4.79567904793015e-05,0.0423536892842921,0.00755411842123062,0.0108270852840524,96.3958333333333,11.8262952299208,-4.97375751398643,3.77095957631717,0.31025813626503,0.554371716450253,0.727596514249848,1.15965512114594,s4_q40_miss0.25_maf0.REF.cichlids.INT.noInv,254149
36,20,5,raxml,40,0,0,EXT,REF,2.20000745100492,1.00000050002909e-06,0.0403091250692764,0.220935718747589,89.7291666666667,20.914964187164,-4.76560654371461,3.31562086264693,0.285547311252771,1.02671904628287,0.538146855822529,1.51320851173921,s5_q40_miss0_maf0.REF.cichlids.EXT.noInv,702527
37,20,5,raxml,40,0,0,EXT,REF,2.20000745100492,1.00000050002909e-06,0.0403091250692764,0.220935718747589,89.7291666666667,20.914964187164,-4.76560654371461,3.31562086264693,0.285547311252771,1.02671904628287,0.538146855822529,1.51320851173921,s5_q40_miss0_maf0.REF.cichlids.EXT.noInv,410766
38,21,5,raxml,40,0.5,0,EXT,REF,5.31894443706423e-05,0.0592551531505752,0.00859404195596107,0.0116598190561357,91.7291666666667,23.994449343354,1.11723823444185,1.85812821798705,0.26632778068768,0.398808224589213,0.667192275330993,0.992777920785913,s5_q40_miss0.50_maf0.REF.cichlids.EXT.noInv,134496
39,22,3,raxml,40,0.5,0,EXT,REF,0.000109966398010284,0.0412306257693526,0.00779369243405089,0.0111226919932549,97.3958333333333,8.66575452101199,0.669827928362301,1.49254783829051,0.304766841817861,0.424264068711929,0.777018164274366,1.02954747340761,s3_q40_miss0.50_maf0.REF.cichlids.EXT.noInv,246513
40,22,3,raxml,40,0.5,0,EXT,REF,0.000109966398010284,0.0412306257693526,0.00779369243405089,0.0111226919932549,97.3958333333333,8.66575452101199,0.669827928362301,1.49254783829051,0.304766841817861,0.424264068711929,0.777018164274366,1.02954747340761,s3_q40_miss0.50_maf0.REF.cichlids.EXT.noInv,142528
41,23,3,raxml,40,0.75,0,INT,REF,0.000595575557969179,0.0427828016228628,0.00734866733939324,0.00988636739484485,96.8333333333333,10.964805075997,-4.50041566447009,1.72816316307871,0.313003783488614,0.472347329832614,0.730342161473433,1.0776307345283,s3_q40_miss0.75_maf0.REF.cichlids.INT.noInv,134359
42,24,9,raxml,40,0.25,0,EXT,REF,1.00000050002909e-06,0.0622226174965991,0.00681963089305579,0.0107704191716016,97.3125,9.33115634438756,1.85838529208906,3.22562261968199,0.444794850220662,0.53457272657703,0.834676755969637,1.10025815152627,s9_q40_miss0.25_maf0.REF.cichlids.EXT.noInv,154168
43,25,3,raxml,40,0.9,0,EXT,REF,0.000154023528156442,0.0405612235462006,0.0062027586008745,0.00875719402255217,88.7916666666667,19.0898862978607,-1.39265930471498,0.96315378754426,0.296529900147108,0.427092495836675,0.878607111546987,1.03803275478185,s3_q40_miss0.90_maf0.REF.cichlids.EXT.noInv,12630
44,25,3,raxml,40,0.9,0,EXT,REF,0.000154023528156442,0.0405612235462006,0.0062027586008745,0.00875719402255217,88.7916666666667,19.0898862978607,-1.39265930471498,0.96315378754426,0.296529900147108,0.427092495836675,0.878607111546987,1.03803275478185,s3_q40_miss0.90_maf0.REF.cichlids.EXT.noInv,18798
45,26,2,raxml,40,0,0,EXT,REF,1.77546990861622,1.00000050002909e-06,0.0345944872670025,0.179523538929522,91.5625,20.3824144582759,2.65339646140465,3.42202917336865,0.450286144667831,1.22188051789035,0.768781222603613,1.7083699833467,s2_q40_miss0_maf0.REF.cichlids.EXT.noInv,589395
46,26,2,raxml,40,0,0,EXT,REF,1.77546990861622,1.00000050002909e-06,0.0345944872670025,0.179523538929522,91.5625,20.3824144582759,2.65339646140465,3.42202917336865,0.450286144667831,1.22188051789035,0.768781222603613,1.7083699833467,s2_q40_miss0_maf0.REF.cichlids.EXT.noInv,410105
47,27,3,raxml,40,0.9,0,INT,REF,0.00137899686746131,0.0300403542551896,0.00648139974824034,0.00875950274317908,94.5208333333333,12.4763428618195,-5.23153917671934,1.47174950235552,0.359679786289548,0.480832611206852,0.831931108746053,1.08045916165304,s3_q40_miss0.90_maf0.REF.cichlids.INT.noInv,27215
48,28,5,raxml,40,0.9,0,EXT,REF,0.000116829390224484,0.0431031327812151,0.00701420061967253,0.0093572089514838,91.6041666666667,21.952307670419,0.252585164840733,1.21956582486089,0.32947766683012,0.449719912834644,0.719359572579095,1.02106219203337,s5_q40_miss0.90_maf0.REF.cichlids.EXT.noInv,42970
49,29,1,raxml,40,0,0,INT,REF,0.0388364753972173,8.84143604593768e-06,0.0130120477752608,0.0455539828944273,93.3333333333333,16.1552749218767,3.37493669714353,3.53974959501904,0.450286144667831,1.22753737213985,0.8236941670753,1.70271312909721,s1_q40_miss0_maf0.REF.cichlids.INT.noInv,817004
50,29,1,raxml,40,0,0,INT,REF,0.0388364753972173,8.84143604593768e-06,0.0130120477752608,0.0455539828944273,93.3333333333333,16.1552749218767,3.37493669714353,3.53974959501904,0.450286144667831,1.22753737213985,0.8236941670753,1.70271312909721,s1_q40_miss0_maf0.REF.cichlids.INT.noInv,475922
51,30,3,raxml,40,0.5,0,INT,REF,0.000347377716394187,0.0490062983731567,0.00802975371941943,0.0107576850996412,96.875,9.93516214304078,-5.23332280650617,2.25621248689931,0.351442844618795,0.472347329832614,0.829185461522469,1.0776307345283,s3_q40_miss0.50_maf0.REF.cichlids.INT.noInv,213456
52,31,8,raxml,40,0,0,EXT,REF,1.7650491151401,1.00000050002909e-06,0.0340801580667455,0.17807292978206,92.3333333333333,16.969726904275,2.07343482296256,4.4710311312097,0.472251322456505,1.10308657865101,0.801728989286625,1.57826233560837,s8_q40_miss0_maf0.REF.cichlids.EXT.noInv,413963
53,32,3,raxml,40,0.75,0,EXT,REF,9.98223881782566e-05,0.0437978353779739,0.00703959267008774,0.0099631321195162,95.2708333333333,14.7066920407052,0.312854813979925,1.22851102572968,0.376153669631054,0.424264068711929,0.875861464323402,1.02954747340761,s3_q40_miss0.75_maf0.REF.cichlids.EXT.noInv,115797
54,32,3,raxml,40,0.75,0,EXT,REF,9.98223881782566e-05,0.0437978353779739,0.00703959267008774,0.0099631321195162,95.2708333333333,14.7066920407052,0.312854813979925,1.22851102572968,0.376153669631054,0.424264068711929,0.875861464323402,1.02954747340761,s3_q40_miss0.75_maf0.REF.cichlids.EXT.noInv,90777
55,33,6,raxml,40,0.5,0,EXT,REF,1.00000050002909e-06,0.0571306606191723,0.00629181149182566,0.0100342026988852,98.1875,9.59090049684729,3.92875642307446,3.72177536799012,0.263582133464096,0.752361615182487,0.571094622505541,1.29541962313375,s6_q40_miss0.50_maf0.REF.cichlids.EXT.noInv,154090
56,34,2,raxml,40,0.5,0,EXT,REF,4.73726978000662e-05,0.021211634572702,0.00712781680938561,0.0113310067645583,92.5833333333333,15.583451852244,0.24283723885642,1.63699896962859,0.299275547370692,0.401636651713959,0.672683569778162,1.02389061915812,s2_q40_miss0.50_maf0.REF.cichlids.EXT.noInv,217214
57,34,2,raxml,40,0.5,0,EXT,REF,4.73726978000662e-05,0.021211634572702,0.00712781680938561,0.0113310067645583,92.5833333333333,15.583451852244,0.24283723885642,1.63699896962859,0.299275547370692,0.401636651713959,0.672683569778162,1.02389061915812,s2_q40_miss0.50_maf0.REF.cichlids.EXT.noInv,127017
58,35,2,raxml,40,0.9,0,EXT,REF,0.000208657324375447,0.0267342807310728,0.00551464100721785,0.0088221438050598,80.0208333333333,26.368493113525,2.33082442824041,2.10615190526673,0.313003783488614,0.441234631460406,0.702885689237589,1.05217489040558,s2_q40_miss0.90_maf0.REF.cichlids.EXT.noInv,320
59,35,2,raxml,40,0.9,0,EXT,REF,0.000208657324375447,0.0267342807310728,0.00551464100721785,0.0088221438050598,80.0208333333333,26.368493113525,2.33082442824041,2.10615190526673,0.313003783488614,0.441234631460406,0.702885689237589,1.05217489040558,s2_q40_miss0.90_maf0.REF.cichlids.EXT.noInv,7920
60,36,8,raxml,40,0.5,0,EXT,REF,1.00000050002909e-06,0.0472113027958023,0.0069467442489629,0.0110355832731406,94.2708333333333,15.0527294242794,0.144080133816798,1.96720757150627,0.313003783488614,0.497803173955329,0.669937922554577,1.06914545315406,s8_q40_miss0.50_maf0.REF.cichlids.EXT.noInv,136065
61,37,5,raxml,40,0.75,0,EXT,REF,8.52151285531734e-05,0.0458970310015292,0.00801914188069198,0.0106932845227241,94.8958333333333,15.7672426161429,0.477165521010042,1.68650166948677,0.304766841817861,0.407293505963451,0.656209686436656,0.995606347910659,s5_q40_miss0.75_maf0.REF.cichlids.EXT.noInv,96658
62,38,4,raxml,40,0,0,EXT,REF,1.84119908628294,1.00000050002909e-06,0.0361979120498084,0.185601123932256,75.9791666666667,41.8774755804706,1.82573303630626,4.37401426182524,0.274564722358433,1.05783174465508,0.587568505847047,1.5612917728599,s4_q40_miss0_maf0.REF.cichlids.EXT.noInv,637649
63,38,4,raxml,40,0,0,EXT,REF,1.84119908628294,1.00000050002909e-06,0.0361979120498084,0.185601123932256,75.9791666666667,41.8774755804706,1.82573303630626,4.37401426182524,0.274564722358433,1.05783174465508,0.587568505847047,1.5612917728599,s4_q40_miss0_maf0.REF.cichlids.EXT.noInv,448333
64,39,2,raxml,40,0.75,0,EXT,REF,4.10698735685488e-05,0.0472768841424459,0.00644338604126306,0.0101969206238945,87.2083333333333,22.6424176715779,-0.033308121557497,1.55478564970699,0.337714608500873,0.441234631460406,0.700140042014005,1.05217489040558,s2_q40_miss0.75_maf0.REF.cichlids.EXT.noInv,47745
65,39,2,raxml,40,0.75,0,EXT,REF,4.10698735685488e-05,0.0472768841424459,0.00644338604126306,0.0101969206238945,87.2083333333333,22.6424176715779,-0.033308121557497,1.55478564970699,0.337714608500873,0.441234631460406,0.700140042014005,1.05217489040558,s2_q40_miss0.75_maf0.REF.cichlids.EXT.noInv,63868
66,40,8,raxml,40,0.9,0,EXT,REF,7.40331127705033e-06,0.0325596332148362,0.00603834022180059,0.0093132258599456,86.7083333333333,25.9647537965665,0.217871613254763,2.06391431274711,0.318495077935783,0.45254833995939,0.691903100343252,1.02954747340761,s8_q40_miss0.90_maf0.REF.cichlids.EXT.noInv,23936
67,41,7,raxml,40,0.5,0,EXT,REF,1.00000050002909e-06,0.0543972440470841,0.00670544304361079,0.0127781210793971,98.8541666666667,7.08306215584376,0.763705019196052,3.15254348383147,0.277310369582018,0.599626550446192,0.601296741964969,1.19359624664289,s7_q40_miss0.50_maf0.REF.cichlids.EXT.noInv,185333
68,42,6,raxml,40,0,0,EXT,REF,1.74773382158322,1.00000050002909e-06,0.034300991859145,0.176249208254467,72.875,44.8840705287972,2.62088972987963,2.78325366606947,0.598551094741385,1.18511096526865,0.98843300049036,1.66594357647551,s6_q40_miss0_maf0.REF.cichlids.EXT.noInv,449341
69,43,6,raxml,40,0.9,0,EXT,REF,1.00000050002909e-06,1.00000050002909e-06,0.00440997783861232,0.00848956317612326,91.1666666666667,17.6663321258302,2.83742350512391,2.70667666241978,0.307512489041445,0.882469262920811,0.647972744765902,1.41987041662259,s6_q40_miss0.90_maf0.REF.cichlids.EXT.noInv,16881
70,44,8,raxml,40,0.75,0,EXT,REF,1.00000050002909e-06,0.0413373477550507,0.00653095394884415,0.0102567948463799,93.0833333333333,17.2390370137987,-0.218163253114199,2.0316535660427,0.34869719739521,0.483661038331599,0.716613925355511,1.05500331753033,s8_q40_miss0.75_maf0.REF.cichlids.EXT.noInv,86074
71,45,4,raxml,40,0.5,0,EXT,REF,1.00000050002909e-06,0.0499914293532586,0.00698308640159135,0.0106933019341821,94.2708333333333,15.2758181636001,-0.46441917399172,2.19105357949644,0.274564722358433,0.381837661840736,0.702885689237589,0.998434775035405,s4_q40_miss0.50_maf0.REF.cichlids.EXT.noInv,233942
72,45,4,raxml,40,0.5,0,EXT,REF,1.00000050002909e-06,0.0499914293532586,0.00698308640159135,0.0106933019341821,94.2708333333333,15.2758181636001,-0.46441917399172,2.19105357949644,0.274564722358433,0.381837661840736,0.702885689237589,0.998434775035405,s4_q40_miss0.50_maf0.REF.cichlids.EXT.noInv,150831
73,46,6,raxml,40,0.75,0,EXT,REF,1.00000050002909e-06,0.0594703786375484,0.00552139922625917,0.00923171362905627,95.8541666666667,12.8427305099171,3.27105610715216,3.07159968488635,0.258090839016927,0.752361615182487,0.538146855822529,1.29541962313375,s6_q40_miss0.75_maf0.REF.cichlids.EXT.noInv,89177
74,47,1,raxml,40,0.25,0.01,EXT,REF,7.59608590652018e-05,0.0694236746680931,0.00813190399604744,0.0129650657816433,95.8541666666667,13.6599890709488,1.85094028213685,2.94053185142989,0.230634366781084,0.367695526217005,0.604042389188553,0.978635785162182,s1_q40_miss0.25_maf0.01.REF.cichlids.EXT.noInv,299550
75,47,1,raxml,40,0.25,0.01,EXT,REF,7.59608590652018e-05,0.0694236746680931,0.00813190399604744,0.0129650657816433,95.8541666666667,13.6599890709488,1.85094028213685,2.94053185142989,0.230634366781084,0.367695526217005,0.604042389188553,0.978635785162182,s1_q40_miss0.25_maf0.01.REF.cichlids.EXT.noInv,137040
76,48,5,raxml,40,0.75,0,INT,REF,0.000552591333777468,0.0538958698022154,0.00830275261188526,0.0105277612352125,95.4583333333333,13.2552010399665,-4.45010261460357,2.18520628816182,0.34869719739521,0.455376767084137,0.788000753168704,1.04934646328084,s5_q40_miss0.75_maf0.REF.cichlids.INT.noInv,144245
77,49,4,raxml,40,0.9,0,EXT,REF,3.9193120443661e-05,0.0230240299072579,0.00536026434443998,0.00990507799018832,94.875,14.4908261515067,0.73227433306691,1.30049073837504,0.260836486240512,0.367695526217005,0.672683569778162,0.967322076663197,s4_q40_miss0.90_maf0.REF.cichlids.EXT.noInv,1240
78,49,4,raxml,40,0.9,0,EXT,REF,3.9193120443661e-05,0.0230240299072579,0.00536026434443998,0.00990507799018832,94.875,14.4908261515067,0.73227433306691,1.30049073837504,0.260836486240512,0.367695526217005,0.672683569778162,0.967322076663197,s4_q40_miss0.90_maf0.REF.cichlids.EXT.noInv,30092
79,50,2,raxml,40,0.25,0,INT,REF,0.000229138272503173,0.0517818421827266,0.00762075494042813,0.0113557466990785,92.8125,15.5326098285223,-5.27103416123963,2.69180794135509,0.359679786289548,0.469518902707868,0.733087808697017,1.08611601590254,s2_q40_miss0.25_maf0.REF.cichlids.INT.noInv,366444
80,50,2,raxml,40,0.25,0,INT,REF,0.000229138272503173,0.0517818421827266,0.00762075494042813,0.0113557466990785,92.8125,15.5326098285223,-5.27103416123963,2.69180794135509,0.359679786289548,0.469518902707868,0.733087808697017,1.08611601590254,s2_q40_miss0.25_maf0.REF.cichlids.INT.noInv,221076
81,51,1,raxml,40,0,0.01,EXT,REF,2.01143575710194,1.00000050002909e-06,0.0376147137093827,0.202828664834383,93.3125,14.4577980872578,4.30659203162234,4.81575754597691,0.612279330859306,1.23036579926459,1.02412641439696,1.70554155622195,s1_q40_miss0_maf0.01.REF.cichlids.EXT.noInv,654903
82,51,1,raxml,40,0,0.01,EXT,REF,2.01143575710194,1.00000050002909e-06,0.0376147137093827,0.202828664834383,93.3125,14.4577980872578,4.30659203162234,4.81575754597691,0.612279330859306,1.23036579926459,1.02412641439696,1.70554155622195,s1_q40_miss0_maf0.01.REF.cichlids.EXT.noInv,396574
83,52,9,raxml,40,0,0,EXT,REF,1.71747206297069,1.00000050002909e-06,0.0332338865267637,0.173304481488061,94.4375,10.8135184306989,-6.4494915007332,4.91487856708147,0.241616955675421,1.02671904628287,0.516181678033855,1.50755165748972,s9_q40_miss0_maf0.REF.cichlids.EXT.noInv,414902
84,53,4,raxml,40,0.75,0,EXT,REF,1.00000050002909e-06,0.0364054747403563,0.00628761016980156,0.0100196063248768,94.3333333333333,17.0447887254444,0.536482708321267,1.74357728815304,0.241616955675421,0.347896536343781,0.669937922554577,0.964493649538451,s4_q40_miss0.75_maf0.REF.cichlids.EXT.noInv,74922
85,53,4,raxml,40,0.75,0,EXT,REF,1.00000050002909e-06,0.0364054747403563,0.00628761016980156,0.0100196063248768,94.3333333333333,17.0447887254444,0.536482708321267,1.74357728815304,0.241616955675421,0.347896536343781,0.669937922554577,0.964493649538451,s4_q40_miss0.75_maf0.REF.cichlids.EXT.noInv,95346
86,54,5,raxml,40,0.5,0,INT,REF,0.000382203407249793,0.0555028211278305,0.00880424949024792,0.0111048049762497,92.4583333333333,22.5161486572329,-5.45676688736758,2.53387980069754,0.318495077935783,0.455376767084137,0.686411805896083,1.04934646328084,s5_q40_miss0.50_maf0.REF.cichlids.INT.noInv,201746
87,55,8,raxml,40,0.25,0,INT,REF,0.000304121196171806,0.050492491406866,0.00738860219648563,0.0112182938675732,94.3333333333333,13.6137185711081,-5.96471117130107,3.49794500018373,0.425575319655572,0.565685424949238,0.837422403193221,1.13702770414797,s8_q40_miss0.25_maf0.REF.cichlids.INT.noInv,232146
88,56,1,raxml,40,0.75,0,INT,REF,0.000594251125609044,0.0498916840353231,0.00745116637231868,0.0106758290312759,96.625,13.7014131900419,-5.16137009334392,3.26074169502647,0.345951550171626,0.441234631460406,0.735833455920601,1.05217489040558,s1_q40_miss0.75_maf0.REF.cichlids.INT.noInv,151522
89,56,1,raxml,40,0.75,0,INT,REF,0.000594251125609044,0.0498916840353231,0.00745116637231868,0.0106758290312759,96.625,13.7014131900419,-5.16137009334392,3.26074169502647,0.345951550171626,0.441234631460406,0.735833455920601,1.05217489040558,s1_q40_miss0.75_maf0.REF.cichlids.INT.noInv,110011
90,57,7,raxml,40,0.25,0,INT,REF,6.622064510579e-05,0.102854882747471,0.00737387594164516,0.0132287828446396,98.5208333333333,7.38021963385722,0.389784479140401,4.28105631381111,0.277310369582018,0.738219479558756,0.606788036412138,1.32653232150596,s7_q40_miss0.25_maf0.REF.cichlids.INT.noInv,301077
91,58,9,raxml,40,0.5,0,EXT,REF,7.93879875465633e-06,0.0582580190843875,0.00651008891358543,0.0101527639645991,96.0625,15.2083491207535,1.24723211429891,3.01153190467721,0.458523086338584,0.480832611206852,0.870370169876234,1.04651803615609,s9_q40_miss0.50_maf0.REF.cichlids.EXT.noInv,134831
92,59,5,raxml,40,0.9,0,INT,REF,0.000752475269012011,0.0407910138599435,0.00732645435400787,0.00923853770412515,94.0416666666667,17.6983691198807,-5.04143559496101,1.86244614233334,0.313003783488614,0.455376767084137,0.895080994888492,1.04934646328084,s5_q40_miss0.90_maf0.REF.cichlids.INT.noInv,63413
93,60,9,raxml,40,0.9,0,EXT,REF,0.000146980077600526,0.0409855932662351,0.0052878568619735,0.00825715714647421,92.8125,14.2286140381559,0.471945446238907,2.38718238784515,0.442049202997078,0.461033621333629,0.859387580981896,1.03237590053236,s9_q40_miss0.90_maf0.REF.cichlids.EXT.noInv,23051
94,61,6,raxml,40,0.25,0,INT,REF,5.44069929658321e-05,0.0374779602846682,0.00681719268677835,0.0103061489200372,99.7916666666667,0.770695550269803,-3.96129925237436,4.25486722234329,0.280056016805602,0.89095454429505,0.598551094741385,1.42835569799683,s6_q40_miss0.25_maf0.REF.cichlids.INT.noInv,261972
95,62,1,raxml,40,0.5,0,INT,REF,0.000326128024166605,0.0563703791571614,0.00799802883639106,0.0116295960691407,97.6458333333333,7.96131493291108,-5.65276717727807,3.49912905050537,0.345951550171626,0.441234631460406,0.735833455920601,1.05217489040558,s1_q40_miss0.50_maf0.REF.cichlids.INT.noInv,359851
96,62,1,raxml,40,0.5,0,INT,REF,0.000326128024166605,0.0563703791571614,0.00799802883639106,0.0116295960691407,97.6458333333333,7.96131493291108,-5.65276717727807,3.49912905050537,0.345951550171626,0.441234631460406,0.735833455920601,1.05217489040558,s1_q40_miss0.50_maf0.REF.cichlids.INT.noInv,176696
97,63,1,raxml,40,0.9,0,INT,REF,0.000904715718925817,0.0405723199483158,0.00657981396655715,0.00930192266011529,94.125,16.9776135455525,-5.68824796893238,3.01773888955412,0.285547311252771,0.432749350086167,0.702885689237589,1.04934646328084,s1_q40_miss0.90_maf0.REF.cichlids.INT.noInv,11989
98,63,1,raxml,40,0.9,0,INT,REF,0.000904715718925817,0.0405723199483158,0.00657981396655715,0.00930192266011529,94.125,16.9776135455525,-5.68824796893238,3.01773888955412,0.285547311252771,0.432749350086167,0.702885689237589,1.04934646328084,s1_q40_miss0.90_maf0.REF.cichlids.INT.noInv,46318
99,64,1,raxml,40,0.75,0.01,EXT,REF,8.148205154193e-05,0.0412564977910607,0.00716534939297459,0.0108439529076738,95.2083333333333,15.410632324875,1.20988166173336,2.66313332277935,0.233380014004668,0.379009234715989,0.63973580309515,0.989949493661166,s1_q40_miss0.75_maf0.01.REF.cichlids.EXT.noInv,108900
100,64,1,raxml,40,0.75,0.01,EXT,REF,8.148205154193e-05,0.0412564977910607,0.00716534939297459,0.0108439529076738,95.2083333333333,15.410632324875,1.20988166173336,2.66313332277935,0.233380014004668,0.379009234715989,0.63973580309515,0.989949493661166,s1_q40_miss0.75_maf0.01.REF.cichlids.EXT.noInv,74091
101,65,10,raxml,40,0.25,0,EXT,REF,1.00000050002909e-06,0.109597205249153,0.00730220790552159,0.0142385239940967,89.7916666666667,20.4273058109736,1.28714122213026,2.26745662625533,0.26632778068768,0.642052957317385,0.568348975281957,1.20208152801713,s10_q40_miss0.25_maf0.REF.cichlids.EXT.noInv,215365
102,66,3,raxml,40,0.25,0.01,INT,REF,0.000381466845923743,0.0515002982801319,0.0083883160667992,0.0112453668059375,95.9791666666667,14.7034365404585,-5.98295565999374,2.4664578140109,0.351442844618795,0.472347329832614,0.829185461522469,1.0776307345283,s3_q40_miss0.25_maf0.01.REF.cichlids.INT.noInv,241134
103,67,9,raxml,40,0.25,0,INT,REF,0.00028867260980219,0.0482407628849217,0.0069726859427896,0.0103936442955071,95.4583333333333,14.7474604136605,-5.20651189957052,3.76597645461043,0.461268733562168,0.53457272657703,0.867624522652649,1.10025815152627,s9_q40_miss0.25_maf0.REF.cichlids.INT.noInv,233003
104,68,9,raxml,40,0.75,0,EXT,REF,1.0337059311478e-05,0.0496912860823657,0.00599078041373737,0.00925306661297068,95.3958333333333,12.2487334704942,0.594834112468969,2.74316226290312,0.442049202997078,0.463862048458375,0.853896286534727,1.02954747340761,s9_q40_miss0.75_maf0.REF.cichlids.EXT.noInv,86172
105,69,3,raxml,40,0.25,0.01,EXT,REF,0.000117809058789125,0.0423736153323874,0.00816109510602395,0.0118656766917593,97.2291666666667,10.4173333120014,0.838374753716728,1.60510949524131,0.304766841817861,0.424264068711929,0.777018164274366,1.02954747340761,s3_q40_miss0.25_maf0.01.REF.cichlids.EXT.noInv,160173
106,70,4,raxml,40,0,0,INT,REF,0.0151571892459157,0.000210430937244952,0.0126457528471654,0.0388251852809509,84.75,34.1433149744838,-7.82099019091778,3.02223312254861,0.334968961277289,0.45254833995939,0.752307339262107,1.05217489040558,s4_q40_miss0_maf0.REF.cichlids.INT.noInv,797110
107,70,4,raxml,40,0,0,INT,REF,0.0151571892459157,0.000210430937244952,0.0126457528471654,0.0388251852809509,84.75,34.1433149744838,-7.82099019091778,3.02223312254861,0.334968961277289,0.45254833995939,0.752307339262107,1.05217489040558,s4_q40_miss0_maf0.REF.cichlids.INT.noInv,546337
108,71,7,raxml,40,0.75,0,EXT,REF,1.00000050002909e-06,0.0520664965038312,0.00598927438536894,0.0118144775134884,97.4583333333333,10.4106294561741,0.283754887027259,2.82933389794415,0.291038605699939,0.599626550446192,0.647972744765902,1.19359624664289,s7_q40_miss0.75_maf0.REF.cichlids.EXT.noInv,132906
109,72,1,raxml,40,0.9,0.01,EXT,REF,0.00017335311871939,0.0399950190929485,0.00640852040237498,0.00954887904853843,92.8333333333333,17.9079601144573,1.2597182216879,2.37508176529545,0.233380014004668,0.370523953341751,0.606788036412138,0.981464212286928,s1_q40_miss0.90_maf0.01.REF.cichlids.EXT.noInv,8811
110,72,1,raxml,40,0.9,0.01,EXT,REF,0.00017335311871939,0.0399950190929485,0.00640852040237498,0.00954887904853843,92.8333333333333,17.9079601144573,1.2597182216879,2.37508176529545,0.233380014004668,0.370523953341751,0.606788036412138,0.981464212286928,s1_q40_miss0.90_maf0.01.REF.cichlids.EXT.noInv,31530
111,73,3,raxml,40,0,0.01,EXT,REF,1.8823077964199,1.00000050002909e-06,0.0360435952992781,0.189507001154278,96.4791666666667,9.78272377189314,-6.65066804772396,3.60500075718295,0.302021194594277,1.02106219203337,0.636990155871565,1.53017907448769,s3_q40_miss0_maf0.01.REF.cichlids.EXT.noInv,611681
112,73,3,raxml,40,0,0.01,EXT,REF,1.8823077964199,1.00000050002909e-06,0.0360435952992781,0.189507001154278,96.4791666666667,9.78272377189314,-6.65066804772396,3.60500075718295,0.302021194594277,1.02106219203337,0.636990155871565,1.53017907448769,s3_q40_miss0_maf0.01.REF.cichlids.EXT.noInv,421073
113,74,1,raxml,40,0.5,0.01,EXT,REF,6.47893630914904e-05,0.057060856528362,0.00778688378618479,0.0120861289713454,94.9791666666667,15.6347806268021,1.64520560509059,2.86720036367823,0.255345191793343,0.367695526217005,0.672683569778162,0.978635785162182,s1_q40_miss0.50_maf0.01.REF.cichlids.EXT.noInv,253551
114,74,1,raxml,40,0.5,0.01,EXT,REF,6.47893630914904e-05,0.057060856528362,0.00778688378618479,0.0120861289713454,94.9791666666667,15.6347806268021,1.64520560509059,2.86720036367823,0.255345191793343,0.367695526217005,0.672683569778162,0.978635785162182,s1_q40_miss0.50_maf0.01.REF.cichlids.EXT.noInv,117565
115,75,3,raxml,40,0,0.01,INT,REF,0.0756860733479524,1.00000050002909e-06,0.013161653813735,0.0380830886353856,94.0833333333333,12.3181812233983,-5.55576396128427,2.83916770323854,0.302021194594277,1.02106219203337,0.636990155871565,1.53017907448769,s3_q40_miss0_maf0.01.REF.cichlids.INT.noInv,511755
116,76,5,raxml,40,0.25,0.01,EXT,REF,6.33230513011192e-05,0.0648753356596926,0.00893397418208579,0.0124498205980459,93.2291666666667,19.6373933176493,1.34243830374854,1.95792927672624,0.280056016805602,0.398808224589213,0.680920511448915,0.992777920785913,s5_q40_miss0.25_maf0.01.REF.cichlids.EXT.noInv,150294
117,77,2,raxml,40,0,0,INT,REF,0.0323193887825277,0.000112463236790822,0.0116599807737877,0.0384278492696936,92.5208333333333,13.033491365061,2.38894805193639,2.96277366920874,0.450286144667831,1.21622366364086,0.768781222603613,1.70271312909721,s2_q40_miss0_maf0.REF.cichlids.INT.noInv,722641
118,77,2,raxml,40,0,0,INT,REF,0.0323193887825277,0.000112463236790822,0.0116599807737877,0.0384278492696936,92.5208333333333,13.033491365061,2.38894805193639,2.96277366920874,0.450286144667831,1.21622366364086,0.768781222603613,1.70271312909721,s2_q40_miss0_maf0.REF.cichlids.INT.noInv,494950
119,78,8,raxml,40,0,0,INT,REF,0.0330841877223863,0.000160064759220822,0.0111612811282078,0.0345976094223609,91.8541666666667,16.5040157374196,2.03473309200629,3.6818133372448,0.47499696968009,1.09742972440152,0.809965930957378,1.57260548135888,s8_q40_miss0_maf0.REF.cichlids.INT.noInv,500473
120,79,7,raxml,40,0.9,0,EXT,REF,1.00000050002909e-06,0.0528888582602441,0.00499906848869156,0.0105186546514151,97.1041666666667,7.8584270618569,-0.36582701539837,2.25353241369101,0.269073427911265,0.591141269071954,0.593059800294216,1.18511096526865,s7_q40_miss0.90_maf0.REF.cichlids.EXT.noInv,52984
121,80,5,raxml,40,0,0.01,EXT,REF,2.20000745100492,1.00000050002909e-06,0.0403091250692764,0.220935718747589,89.7291666666667,20.914964187164,-4.76560654371461,3.31562086264693,0.285547311252771,1.02671904628287,0.538146855822529,1.51320851173921,s5_q40_miss0_maf0.01.REF.cichlids.EXT.noInv,410766
122,81,4,raxml,40,0.5,0,INT,REF,5.09803222694859e-05,0.0465739174054036,0.00720246320683518,0.0103352189437757,97.0208333333333,9.74895429926092,-4.41248149163028,3.49737046393669,0.302021194594277,0.554371716450253,0.708376983684758,1.15965512114594,s4_q40_miss0.50_maf0.REF.cichlids.INT.noInv,332302
123,81,4,raxml,40,0.5,0,INT,REF,5.09803222694859e-05,0.0465739174054036,0.00720246320683518,0.0103352189437757,97.0208333333333,9.74895429926092,-4.41248149163028,3.49737046393669,0.302021194594277,0.554371716450253,0.708376983684758,1.15965512114594,s4_q40_miss0.50_maf0.REF.cichlids.INT.noInv,223640
124,82,6,raxml,40,0,0,INT,REF,0.0115459635187758,0.000319676296256839,0.0112890987860683,0.0344854610797044,99.7708333333333,0.627035691859122,-7.01012579705729,2.69105262230657,0.32947766683012,0.814587011926903,0.713868278131927,1.35198816562868,s6_q40_miss0_maf0.REF.cichlids.INT.noInv,548205
125,83,2,raxml,40,0.25,0.01,EXT,REF,1.00000050002909e-06,0.072546711978319,0.00745291706778336,0.0119187576576521,92.2291666666667,16.3917981350214,0.834149141500581,1.90612676853877,0.359679786289548,0.472347329832614,0.733087808697017,1.08894444302728,s2_q40_miss0.25_maf0.01.REF.cichlids.EXT.noInv,258110
126,83,2,raxml,40,0.25,0.01,EXT,REF,1.00000050002909e-06,0.072546711978319,0.00745291706778336,0.0119187576576521,92.2291666666667,16.3917981350214,0.834149141500581,1.90612676853877,0.359679786289548,0.472347329832614,0.733087808697017,1.08894444302728,s2_q40_miss0.25_maf0.01.REF.cichlids.EXT.noInv,146630
127,84,4,raxml,40,0.9,0,INT,REF,0.00012662761770138,0.064926422506158,0.00561895561338726,0.00908492177789056,95.3541666666667,15.7702785136206,-5.98810881835302,2.88037882813994,0.326732019606536,0.57134227919873,0.733087808697017,1.16531197539543,s4_q40_miss0.90_maf0.REF.cichlids.INT.noInv,1801
128,84,4,raxml,40,0.9,0,INT,REF,0.00012662761770138,0.064926422506158,0.00561895561338726,0.00908492177789056,95.3541666666667,15.7702785136206,-5.98810881835302,2.88037882813994,0.326732019606536,0.57134227919873,0.733087808697017,1.16531197539543,s4_q40_miss0.90_maf0.REF.cichlids.INT.noInv,43250
129,85,9,raxml,40,0,0,INT,REF,0.0225531823325875,0.000696484391724056,0.0103444018076175,0.0325621369687624,95.5416666666667,13.6459148798386,-5.09128070969025,3.95376343520148,0.241616955675421,1.02671904628287,0.516181678033855,1.50755165748972,s9_q40_miss0_maf0.REF.cichlids.INT.noInv,502551
130,86,8,raxml,40,0.25,0.01,EXT,REF,1.00000050002909e-06,0.0482728255589719,0.00722215228814357,0.0116396248363048,94.2291666666667,15.4330945633537,0.399897066112249,2.19463825151576,0.31025813626503,0.497803173955329,0.656209686436656,1.06914545315406,s8_q40_miss0.25_maf0.01.REF.cichlids.EXT.noInv,154057
131,87,8,raxml,40,0,0.01,EXT,REF,1.7650491151401,1.00000050002909e-06,0.0340801580667455,0.17807292978206,92.3333333333333,16.969726904275,2.07343482296256,4.4710311312097,0.472251322456505,1.10308657865101,0.801728989286625,1.57826233560837,s8_q40_miss0_maf0.01.REF.cichlids.EXT.noInv,413963
132,88,3,raxml,40,0.75,0.01,EXT,REF,9.98223881782566e-05,0.0437978353779739,0.00703959267008774,0.0099631321195162,95.2708333333333,14.7066920407052,0.312854813979925,1.22851102572968,0.376153669631054,0.424264068711929,0.875861464323402,1.02954747340761,s3_q40_miss0.75_maf0.01.REF.cichlids.EXT.noInv,90777
133,89,2,raxml,40,0,0.01,EXT,REF,1.77546990861622,1.00000050002909e-06,0.0345944872670025,0.179523538929522,91.5625,20.3824144582759,2.65339646140465,3.42202917336865,0.450286144667831,1.22188051789035,0.768781222603613,1.7083699833467,s2_q40_miss0_maf0.01.REF.cichlids.EXT.noInv,589395
134,89,2,raxml,40,0,0.01,EXT,REF,1.77546990861622,1.00000050002909e-06,0.0345944872670025,0.179523538929522,91.5625,20.3824144582759,2.65339646140465,3.42202917336865,0.450286144667831,1.22188051789035,0.768781222603613,1.7083699833467,s2_q40_miss0_maf0.01.REF.cichlids.EXT.noInv,410105
135,90,3,raxml,40,0.9,0.01,EXT,REF,0.000154023528156442,0.0405612235462006,0.0062027586008745,0.00875719402255217,88.7916666666667,19.0898862978607,-1.39265930471498,0.96315378754426,0.296529900147108,0.427092495836675,0.878607111546987,1.03803275478185,s3_q40_miss0.90_maf0.01.REF.cichlids.EXT.noInv,18798
136,91,3,raxml,40,0.75,0.01,INT,REF,0.000595575557969179,0.0427828016228628,0.00734866733939324,0.00988636739484485,96.8333333333333,10.964805075997,-4.50041566447009,1.72816316307871,0.313003783488614,0.472347329832614,0.730342161473433,1.0776307345283,s3_q40_miss0.75_maf0.01.REF.cichlids.INT.noInv,134359
137,92,6,raxml,40,0.25,0.01,EXT,REF,1.00000050002909e-06,2.00000100005818e-06,0.00661552305366849,0.0104976098878751,97.7708333333333,10.3702511989381,4.02843785225369,3.82238148858785,0.296529900147108,0.752361615182487,0.626007566977228,1.29541962313375,s6_q40_miss0.25_maf0.01.REF.cichlids.EXT.noInv,176036
138,93,7,raxml,40,0,0,INT,REF,0.0094238380138784,0.00314303012225305,0.0120081087190485,0.0365180865113824,96.2083333333333,13.0481242368124,-9.84489386213656,6.90493850894658,0.277310369582018,0.692964645562817,0.606788036412138,1.28127748751002,s7_q40_miss0_maf0.REF.cichlids.INT.noInv,613207
139,94,3,raxml,40,0.9,0.01,INT,REF,0.00137899686746131,0.0300403542551896,0.00648139974824034,0.00875950274317908,94.5208333333333,12.4763428618195,-5.23153917671934,1.47174950235552,0.359679786289548,0.480832611206852,0.831931108746053,1.08045916165304,s3_q40_miss0.90_maf0.01.REF.cichlids.INT.noInv,27215
140,95,3,raxml,40,0.5,0.01,EXT,REF,0.000109966398010284,0.0412306257693526,0.00779369243405089,0.0111226919932549,97.3958333333333,8.66575452101199,0.669827928362301,1.49254783829051,0.304766841817861,0.424264068711929,0.777018164274366,1.02954747340761,s3_q40_miss0.50_maf0.01.REF.cichlids.EXT.noInv,142528
141,96,5,raxml,40,0.75,0.01,EXT,REF,8.52151285531734e-05,0.0458970310015292,0.00801914188069198,0.0106932845227241,94.8958333333333,15.7672426161429,0.477165521010042,1.68650166948677,0.304766841817861,0.407293505963451,0.656209686436656,0.995606347910659,s5_q40_miss0.75_maf0.01.REF.cichlids.EXT.noInv,96658
142,97,2,raxml,40,0.75,0,INT,REF,0.000534689925590762,0.0409803527291617,0.00669238065795367,0.0100042166076753,90.8333333333333,18.4025129335508,-4.25779986247777,2.08682841557218,0.362425433513132,0.472347329832614,0.735833455920601,1.08894444302728,s2_q40_miss0.75_maf0.REF.cichlids.INT.noInv,94400
143,98,7,raxml,40,0,0,EXT,REF,0.015770440411494,0.000534794509790978,0.0130268348814395,0.0461670755257128,94.6458333333333,20.7953447975317,-10.0056757960838,7.12863181792761,0.323986372382951,0.650538238691624,0.647972744765902,1.24450793488832,s7_q40_miss0_maf0.REF.cichlids.EXT.noInv,501273
144,99,2,raxml,40,0.9,0,INT,REF,0.00268452164318222,0.0270799730005947,0.00581527636605157,0.00873584736982813,84.9375,20.5896134216032,-5.10478134017013,2.51599544654845,0.425575319655572,0.517602163828553,0.793492047615872,1.12288556852424,s2_q40_miss0.90_maf0.REF.cichlids.INT.noInv,11349
145,100,4,raxml,40,0.75,0,INT,REF,7.70650808933714e-05,0.0548885419724446,0.00656197759038238,0.00967195751408493,96.6666666666667,11.1990374459733,-4.30237836297716,3.0172686284205,0.31025813626503,0.554371716450253,0.727596514249848,1.15965512114594,s4_q40_miss0.75_maf0.REF.cichlids.INT.noInv,103034
146,100,4,raxml,40,0.75,0,INT,REF,7.70650808933714e-05,0.0548885419724446,0.00656197759038238,0.00967195751408493,96.6666666666667,11.1990374459733,-4.30237836297716,3.0172686284205,0.31025813626503,0.554371716450253,0.727596514249848,1.15965512114594,s4_q40_miss0.75_maf0.REF.cichlids.INT.noInv,140123
147,101,3,raxml,40,0.5,0.01,INT,REF,0.000347377716394187,0.0490062983731567,0.00802975371941943,0.0107576850996412,96.875,9.93516214304078,-5.23332280650617,2.25621248689931,0.351442844618795,0.472347329832614,0.829185461522469,1.0776307345283,s3_q40_miss0.50_maf0.01.REF.cichlids.INT.noInv,213456
148,102,8,raxml,40,0.75,0.01,EXT,REF,1.00000050002909e-06,0.0413373477550507,0.00653095394884415,0.0102567948463799,93.0833333333333,17.2390370137987,-0.218163253114199,2.0316535660427,0.34869719739521,0.483661038331599,0.716613925355511,1.05500331753033,s8_q40_miss0.75_maf0.01.REF.cichlids.EXT.noInv,86074
149,103,2,raxml,40,0.75,0.01,EXT,REF,4.10698735685488e-05,0.0472768841424459,0.00644338604126306,0.0101969206238945,87.2083333333333,22.6424176715779,-0.033308121557497,1.55478564970699,0.337714608500873,0.441234631460406,0.700140042014005,1.05217489040558,s2_q40_miss0.75_maf0.01.REF.cichlids.EXT.noInv,47745
150,103,2,raxml,40,0.75,0.01,EXT,REF,4.10698735685488e-05,0.0472768841424459,0.00644338604126306,0.0101969206238945,87.2083333333333,22.6424176715779,-0.033308121557497,1.55478564970699,0.337714608500873,0.441234631460406,0.700140042014005,1.05217489040558,s2_q40_miss0.75_maf0.01.REF.cichlids.EXT.noInv,63868
151,104,4,raxml,40,0.25,0.01,EXT,REF,1.00000050002909e-06,0.056666517761,0.0073406863853961,0.0112302016720299,94.2916666666667,16.7636363461541,-1.21752538434582,2.30360464841491,0.288292958476355,0.390322943214974,0.711122630908342,1.00126320216015,s4_q40_miss0.25_maf0.01.REF.cichlids.EXT.noInv,282088
152,104,4,raxml,40,0.25,0.01,EXT,REF,1.00000050002909e-06,0.056666517761,0.0073406863853961,0.0112302016720299,94.2916666666667,16.7636363461541,-1.21752538434582,2.30360464841491,0.288292958476355,0.390322943214974,0.711122630908342,1.00126320216015,s4_q40_miss0.25_maf0.01.REF.cichlids.EXT.noInv,170834
153,105,5,raxml,40,0.5,0.01,EXT,REF,5.31894443706423e-05,0.0592551531505752,0.00859404195596107,0.0116598190561357,91.7291666666667,23.994449343354,1.11723823444185,1.85812821798705,0.26632778068768,0.398808224589213,0.667192275330993,0.992777920785913,s5_q40_miss0.50_maf0.01.REF.cichlids.EXT.noInv,134496
154,106,2,raxml,40,0.9,0.01,EXT,REF,0.000208657324375447,0.0267342807310728,0.00551464100721785,0.0088221438050598,80.0208333333333,26.368493113525,2.33082442824041,2.10615190526673,0.313003783488614,0.441234631460406,0.702885689237589,1.05217489040558,s2_q40_miss0.90_maf0.01.REF.cichlids.EXT.noInv,320
155,106,2,raxml,40,0.9,0.01,EXT,REF,0.000208657324375447,0.0267342807310728,0.00551464100721785,0.0088221438050598,80.0208333333333,26.368493113525,2.33082442824041,2.10615190526673,0.313003783488614,0.441234631460406,0.702885689237589,1.05217489040558,s2_q40_miss0.90_maf0.01.REF.cichlids.EXT.noInv,7920
156,107,5,raxml,40,0.9,0.01,EXT,REF,0.000116829390224484,0.0431031327812151,0.00701420061967253,0.0093572089514838,91.6041666666667,21.952307670419,0.252585164840733,1.21956582486089,0.32947766683012,0.449719912834644,0.719359572579095,1.02106219203337,s5_q40_miss0.90_maf0.01.REF.cichlids.EXT.noInv,42970
157,108,1,raxml,40,0.25,0.02,EXT,REF,5.55336758775522e-05,0.0619587042207471,0.00813242148990678,0.0129660397278487,95.8958333333333,13.4278839500454,1.85226315604901,2.96565022410247,0.255345191793343,0.367695526217005,0.672683569778162,0.978635785162182,s1_q40_miss0.25_maf0.02.REF.cichlids.EXT.noInv,299550
158,108,1,raxml,40,0.25,0.02,EXT,REF,5.55336758775522e-05,0.0619587042207471,0.00813242148990678,0.0129660397278487,95.8958333333333,13.4278839500454,1.85226315604901,2.96565022410247,0.255345191793343,0.367695526217005,0.672683569778162,0.978635785162182,s1_q40_miss0.25_maf0.02.REF.cichlids.EXT.noInv,137026
159,109,6,raxml,40,0.75,0,INT,REF,7.26588578300336e-05,0.0494768717470876,0.00585376248422331,0.00917466447046032,99.1041666666667,3.83843708959521,-2.86444892741964,3.7892162171629,0.263582133464096,0.89095454429505,0.538146855822529,1.42835569799683,s6_q40_miss0.75_maf0.REF.cichlids.INT.noInv,130797
160,110,8,raxml,40,0.9,0.01,EXT,REF,7.40331127705033e-06,0.0325596332148362,0.00603834022180059,0.0093132258599456,86.7083333333333,25.9647537965665,0.217871613254763,2.06391431274711,0.318495077935783,0.45254833995939,0.691903100343252,1.02954747340761,s8_q40_miss0.90_maf0.01.REF.cichlids.EXT.noInv,23936
161,111,8,raxml,40,0.75,0,INT,REF,0.000406487685984469,0.0418175427585804,0.00675622124091246,0.0102586427663176,95.5625,10.2166036118517,-4.47896994587941,2.6803693968825,0.477742616903674,0.545886435076015,0.862133228205481,1.11722871427475,s8_q40_miss0.75_maf0.REF.cichlids.INT.noInv,127801
162,112,1,raxml,40,0,0.02,EXT,REF,2.01393125000612,1.00000050002909e-06,0.0376425005771902,0.203075064769752,93.0416666666667,15.2970005867279,4.30680678658118,4.81588046987986,0.612279330859306,1.23036579926459,1.02412641439696,1.70554155622195,s1_q40_miss0_maf0.02.REF.cichlids.EXT.noInv,654903
163,112,1,raxml,40,0,0.02,EXT,REF,2.01393125000612,1.00000050002909e-06,0.0376425005771902,0.203075064769752,93.0416666666667,15.2970005867279,4.30680678658118,4.81588046987986,0.612279330859306,1.23036579926459,1.02412641439696,1.70554155622195,s1_q40_miss0_maf0.02.REF.cichlids.EXT.noInv,396560
164,113,9,raxml,40,0.75,0,INT,REF,0.000358380685737793,0.0399789572604476,0.00624619969986567,0.00927790378915065,98.8541666666667,4.31715816364528,-3.88109517691545,3.27027141462413,0.461268733562168,0.53457272657703,0.867624522652649,1.10025815152627,s9_q40_miss0.75_maf0.REF.cichlids.INT.noInv,128863
165,114,6,raxml,40,0.9,0,INT,REF,0.000193542862723945,0.0587602442673996,0.00462295403906823,0.00806888602048543,93.8125,14.9490713438178,-3.87676779302724,3.33813543847251,0.299275547370692,0.873983981546573,0.645227097542318,1.41704198949784,s6_q40_miss0.90_maf0.REF.cichlids.INT.noInv,24249
166,115,6,raxml,40,0.5,0,INT,REF,5.38527859347709e-05,0.0412444755937749,0.00651801194441903,0.009884422232904,99.9583333333333,0.201940936523459,-3.2277118098114,4.06134429065071,0.280056016805602,0.89095454429505,0.598551094741385,1.42835569799683,s6_q40_miss0.50_maf0.REF.cichlids.INT.noInv,228413
167,116,9,raxml,40,0,0.01,EXT,REF,1.71747206297069,1.00000050002909e-06,0.0332338865267637,0.173304481488061,94.4375,10.8135184306989,-6.4494915007332,4.91487856708147,0.241616955675421,1.02671904628287,0.516181678033855,1.50755165748972,s9_q40_miss0_maf0.01.REF.cichlids.EXT.noInv,414902
168,117,9,raxml,40,0.25,0.01,EXT,REF,1.00000050002909e-06,0.0622226174965991,0.00681963089305579,0.0107704191716016,97.3125,9.33115634438756,1.85838529208906,3.22562261968199,0.444794850220662,0.53457272657703,0.834676755969637,1.10025815152627,s9_q40_miss0.25_maf0.01.REF.cichlids.EXT.noInv,154168
169,118,8,raxml,40,0.5,0.01,EXT,REF,1.00000050002909e-06,0.0472113027958023,0.0069467442489629,0.0110355832731406,94.2708333333333,15.0527294242794,0.144080133816798,1.96720757150627,0.313003783488614,0.497803173955329,0.669937922554577,1.06914545315406,s8_q40_miss0.50_maf0.01.REF.cichlids.EXT.noInv,136065
170,119,5,raxml,40,0.25,0.01,INT,REF,0.000484300156016018,0.0582712271272276,0.00911593118172138,0.0115988161325706,96.8333333333333,10.5534774612363,-6.10423829294692,2.79573565056079,0.365171080736716,0.480832611206852,0.755052986485692,1.06348859890457,s5_q40_miss0.25_maf0.01.REF.cichlids.INT.noInv,226726
171,120,5,raxml,40,0,0.01,INT,REF,1.17855883597645,1.00000050002909e-06,0.030356483915528,0.123076159062986,82.7708333333333,31.3696150474779,-4.29346748007587,3.10985044261126,0.34869719739521,1.05217489040558,0.623261919753644,1.52735064736294,s5_q40_miss0_maf0.01.REF.cichlids.INT.noInv,496180
172,121,8,raxml,40,0.9,0,INT,REF,0.00134722455303319,0.0290467631234566,0.006246841839817,0.00916296554529434,89.3333333333333,23.7812131585161,-5.74643626043169,2.93674213866726,0.367916727960301,0.514773736703807,0.752307339262107,1.09742972440152,s8_q40_miss0.90_maf0.REF.cichlids.INT.noInv,34767
173,122,9,raxml,40,0.9,0,INT,REF,0.000928438506679468,0.0303441602488867,0.00552350272361644,0.00819777020893184,94,16.7598811756312,-4.44457822478186,2.79396917615492,0.398118847419728,0.469518902707868,0.820948519851716,1.05217489040558,s9_q40_miss0.90_maf0.REF.cichlids.INT.noInv,34195
174,123,8,raxml,40,0.5,0,INT,REF,0.000334890987060677,0.0475762473958817,0.00713554012408662,0.0108414070276979,91.8333333333333,19.8583637273839,-4.91046031932887,3.00683427294872,0.406355789090481,0.545886435076015,0.763289928156445,1.11722871427475,s8_q40_miss0.50_maf0.REF.cichlids.INT.noInv,203504
175,124,2,raxml,40,0.5,0.01,EXT,REF,4.73726978000662e-05,0.021211634572702,0.00712781680938561,0.0113310067645583,92.5833333333333,15.583451852244,0.24283723885642,1.63699896962859,0.299275547370692,0.401636651713959,0.672683569778162,1.02389061915812,s2_q40_miss0.50_maf0.01.REF.cichlids.EXT.noInv,217214
176,124,2,raxml,40,0.5,0.01,EXT,REF,4.73726978000662e-05,0.021211634572702,0.00712781680938561,0.0113310067645583,92.5833333333333,15.583451852244,0.24283723885642,1.63699896962859,0.299275547370692,0.401636651713959,0.672683569778162,1.02389061915812,s2_q40_miss0.50_maf0.01.REF.cichlids.EXT.noInv,127017
177,125,4,raxml,40,0,0.01,EXT,REF,1.84119908628294,1.00000050002909e-06,0.0361979120498084,0.185601123932256,75.9791666666667,41.8774755804706,1.82573303630626,4.37401426182524,0.274564722358433,1.05783174465508,0.587568505847047,1.5612917728599,s4_q40_miss0_maf0.01.REF.cichlids.EXT.noInv,637649
178,125,4,raxml,40,0,0.01,EXT,REF,1.84119908628294,1.00000050002909e-06,0.0361979120498084,0.185601123932256,75.9791666666667,41.8774755804706,1.82573303630626,4.37401426182524,0.274564722358433,1.05783174465508,0.587568505847047,1.5612917728599,s4_q40_miss0_maf0.01.REF.cichlids.EXT.noInv,448333
179,126,10,raxml,40,0.25,0,INT,REF,0.000131729604909307,0.0792255312189591,0.00769585521652683,0.0144822285155401,89.3958333333333,20.3613521928326,1.5251091924696,2.9562488458102,0.282801664029186,0.752361615182487,0.573840269729126,1.31239018588223,s10_q40_miss0.25_maf0.REF.cichlids.INT.noInv,314510
180,127,1,raxml,40,0.75,0.02,EXT,REF,5.61965571518395e-05,0.041263403267419,0.00716627635191617,0.0108455526305505,95.2291666666667,16.0149392799924,1.20280725592686,2.66334571752585,0.233380014004668,0.379009234715989,0.63973580309515,0.989949493661166,s1_q40_miss0.75_maf0.02.REF.cichlids.EXT.noInv,108900
181,127,1,raxml,40,0.75,0.02,EXT,REF,5.61965571518395e-05,0.041263403267419,0.00716627635191617,0.0108455526305505,95.2291666666667,16.0149392799924,1.20280725592686,2.66334571752585,0.233380014004668,0.379009234715989,0.63973580309515,0.989949493661166,s1_q40_miss0.75_maf0.02.REF.cichlids.EXT.noInv,74077
182,128,6,raxml,40,0,0.01,EXT,REF,1.74773382158322,1.00000050002909e-06,0.034300991859145,0.176249208254467,72.875,44.8840705287972,2.62088972987963,2.78325366606947,0.598551094741385,1.18511096526865,0.98843300049036,1.66594357647551,s6_q40_miss0_maf0.01.REF.cichlids.EXT.noInv,449341
183,129,2,raxml,40,0.5,0,INT,REF,0.000283065542715569,0.0511830436782673,0.00730547733655825,0.010916353223199,91.7291666666667,17.9381200933172,-4.40390801100996,2.47941874831412,0.345951550171626,0.461033621333629,0.719359572579095,1.08328758877779,s2_q40_miss0.50_maf0.REF.cichlids.INT.noInv,190670
184,130,1,raxml,40,0.25,0.01,INT,REF,0.000288632287475167,0.0597756090733062,0.0083195367046705,0.0121912510652603,97.875,7.45090312960842,-6.44901601603289,3.76138437369024,0.345951550171626,0.441234631460406,0.735833455920601,1.05217489040558,s1_q40_miss0.25_maf0.01.REF.cichlids.INT.noInv,425357
185,130,1,raxml,40,0.25,0.01,INT,REF,0.000288632287475167,0.0597756090733062,0.0083195367046705,0.0121912510652603,97.875,7.45090312960842,-6.44901601603289,3.76138437369024,0.345951550171626,0.441234631460406,0.735833455920601,1.05217489040558,s1_q40_miss0.25_maf0.01.REF.cichlids.INT.noInv,207101
186,131,9,raxml,40,0.5,0,INT,REF,0.000293099072269354,0.046137756198197,0.00670092600389202,0.00999196374894648,96.2916666666667,13.002386578532,-4.14806396063031,3.4751506217246,0.461268733562168,0.53457272657703,0.867624522652649,1.10025815152627,s9_q40_miss0.50_maf0.REF.cichlids.INT.noInv,203045
187,132,7,raxml,40,0.5,0,INT,REF,0.000216384831387529,0.109888378875827,0.00702723892974338,0.0129710844743546,95.1666666666667,19.3735214489605,-0.428403483927752,3.69435331039701,0.277310369582018,0.5939696961967,0.601296741964969,1.1879393923934,s7_q40_miss0.50_maf0.REF.cichlids.INT.noInv,270347
188,133,1,raxml,40,0.9,0.02,EXT,REF,0.000134747907307503,0.0365792191087826,0.006410652292996,0.00955203292978997,92.8958333333333,17.6457331149239,1.21032425542279,2.31667959334637,0.258090839016927,0.370523953341751,0.675429217001746,0.981464212286928,s1_q40_miss0.90_maf0.02.REF.cichlids.EXT.noInv,8811
189,133,1,raxml,40,0.9,0.02,EXT,REF,0.000134747907307503,0.0365792191087826,0.006410652292996,0.00955203292978997,92.8958333333333,17.6457331149239,1.21032425542279,2.31667959334637,0.258090839016927,0.370523953341751,0.675429217001746,0.981464212286928,s1_q40_miss0.90_maf0.02.REF.cichlids.EXT.noInv,31516
190,134,1,raxml,40,0.5,0.02,EXT,REF,4.31592393403006e-05,0.0436616348851457,0.00778746926890958,0.0120872136703263,95.5833333333333,13.6254351222082,1.622924432135,2.85959910682819,0.230634366781084,0.367695526217005,0.604042389188553,0.978635785162182,s1_q40_miss0.50_maf0.02.REF.cichlids.EXT.noInv,253551
191,134,1,raxml,40,0.5,0.02,EXT,REF,4.31592393403006e-05,0.0436616348851457,0.00778746926890958,0.0120872136703263,95.5833333333333,13.6254351222082,1.622924432135,2.85959910682819,0.230634366781084,0.367695526217005,0.604042389188553,0.978635785162182,s1_q40_miss0.50_maf0.02.REF.cichlids.EXT.noInv,117551
192,135,6,raxml,40,0.5,0.01,EXT,REF,1.00000050002909e-06,0.0571306606191723,0.00629181149182566,0.0100342026988852,98.1875,9.59090049684729,3.92875642307446,3.72177536799012,0.263582133464096,0.752361615182487,0.571094622505541,1.29541962313375,s6_q40_miss0.50_maf0.01.REF.cichlids.EXT.noInv,154090
193,136,9,raxml,40,0.75,0.01,EXT,REF,1.0337059311478e-05,0.0496912860823657,0.00599078041373737,0.00925306661297068,95.3958333333333,12.2487334704942,0.594834112468969,2.74316226290312,0.442049202997078,0.463862048458375,0.853896286534727,1.02954747340761,s9_q40_miss0.75_maf0.01.REF.cichlids.EXT.noInv,86172
194,137,6,raxml,40,0.9,0.01,EXT,REF,1.00000050002909e-06,1.00000050002909e-06,0.00440997783861232,0.00848956317612326,91.1666666666667,17.6663321258302,2.83742350512391,2.70667666241978,0.307512489041445,0.882469262920811,0.647972744765902,1.41987041662259,s6_q40_miss0.90_maf0.01.REF.cichlids.EXT.noInv,16881
195,138,1,raxml,40,0,0.01,INT,REF,0.0388364753972173,8.84143604593768e-06,0.0130120477752608,0.0455539828944273,93.3333333333333,16.1552749218767,3.37493669714353,3.53974959501904,0.450286144667831,1.22753737213985,0.8236941670753,1.70271312909721,s1_q40_miss0_maf0.01.REF.cichlids.INT.noInv,817004
196,138,1,raxml,40,0,0.01,INT,REF,0.0388364753972173,8.84143604593768e-06,0.0130120477752608,0.0455539828944273,93.3333333333333,16.1552749218767,3.37493669714353,3.53974959501904,0.450286144667831,1.22753737213985,0.8236941670753,1.70271312909721,s1_q40_miss0_maf0.01.REF.cichlids.INT.noInv,475922
197,139,9,raxml,40,0.9,0.01,EXT,REF,0.000146980077600526,0.0409855932662351,0.0052878568619735,0.00825715714647421,92.8125,14.2286140381559,0.471945446238907,2.38718238784515,0.442049202997078,0.461033621333629,0.859387580981896,1.03237590053236,s9_q40_miss0.90_maf0.01.REF.cichlids.EXT.noInv,23051
198,140,3,raxml,40,0.25,0.02,EXT,REF,0.000117812499415218,0.0423740666705265,0.00816113643498153,0.0118655734705839,97.4166666666667,8.07895435969899,0.861793264131962,1.6313066696323,0.304766841817861,0.424264068711929,0.777018164274366,1.02954747340761,s3_q40_miss0.25_maf0.02.REF.cichlids.EXT.noInv,160172
199,141,7,raxml,40,0.9,0,INT,REF,0.000301456342534207,0.0966004279559789,0.00526163425219678,0.010742343183772,94.3125,19.1123845890786,-1.49321396666734,3.08149646784247,0.274564722358433,0.5939696961967,0.604042389188553,1.1879393923934,s7_q40_miss0.90_maf0.REF.cichlids.INT.noInv,75712
200,142,3,raxml,40,0,0.02,EXT,REF,1.88244282222809,1.00000050002909e-06,0.0360450691463264,0.189520223926177,95.6875,10.886564528539,-6.47706735034649,3.47351619794135,0.302021194594277,1.02106219203337,0.636990155871565,1.53017907448769,s3_q40_miss0_maf0.02.REF.cichlids.EXT.noInv,421072
201,143,7,raxml,40,0.75,0,INT,REF,0.000183443948502985,0.106295890409575,0.00631878790366329,0.012087989205238,95.5208333333333,16.9893453261133,-1.06362337099183,3.59601207819541,0.291038605699939,0.5939696961967,0.65895533366024,1.1879393923934,s7_q40_miss0.75_maf0.REF.cichlids.INT.noInv,192354
202,144,6,raxml,40,0.75,0.01,EXT,REF,1.00000050002909e-06,0.0594703786375484,0.00552139922625917,0.00923171362905627,95.8541666666667,12.8427305099171,3.27105610715216,3.07159968488635,0.258090839016927,0.752361615182487,0.538146855822529,1.29541962313375,s6_q40_miss0.75_maf0.01.REF.cichlids.EXT.noInv,89177
203,145,4,raxml,40,0.75,0.01,EXT,REF,1.00000050002909e-06,0.0364054747403563,0.00628761016980156,0.0100196063248768,94.3333333333333,17.0447887254444,0.536482708321267,1.74357728815304,0.241616955675421,0.347896536343781,0.669937922554577,0.964493649538451,s4_q40_miss0.75_maf0.01.REF.cichlids.EXT.noInv,74922
204,145,4,raxml,40,0.75,0.01,EXT,REF,1.00000050002909e-06,0.0364054747403563,0.00628761016980156,0.0100196063248768,94.3333333333333,17.0447887254444,0.536482708321267,1.74357728815304,0.241616955675421,0.347896536343781,0.669937922554577,0.964493649538451,s4_q40_miss0.75_maf0.01.REF.cichlids.EXT.noInv,95346
205,146,10,raxml,40,0.5,0,EXT,REF,1.00000050002909e-06,0.105998977258986,0.00691922743315598,0.0136926935996677,89.5625,20.3186385978019,1.35738528570732,2.23233034630573,0.291038605699939,0.596798123321446,0.609533683635722,1.17379725676967,s10_q40_miss0.50_maf0.REF.cichlids.EXT.noInv,193631
206,147,9,raxml,40,0.5,0.01,EXT,REF,7.93879875465633e-06,0.0582580190843875,0.00651008891358543,0.0101527639645991,96.0625,15.2083491207535,1.24723211429891,3.01153190467721,0.458523086338584,0.480832611206852,0.870370169876234,1.04651803615609,s9_q40_miss0.50_maf0.01.REF.cichlids.EXT.noInv,134831
207,148,5,raxml,40,0.75,0.01,INT,REF,0.000552591333777468,0.0538958698022154,0.00830275261188526,0.0105277612352125,95.4583333333333,13.2552010399665,-4.45010261460357,2.18520628816182,0.34869719739521,0.455376767084137,0.788000753168704,1.04934646328084,s5_q40_miss0.75_maf0.01.REF.cichlids.INT.noInv,144245
208,149,3,raxml,40,0.25,0.02,INT,REF,0.000347914944497479,0.0512740557857793,0.00838804094870755,0.0112429741982372,96.4375,14.6009417504488,-5.9999098763727,2.46989617443384,0.351442844618795,0.472347329832614,0.829185461522469,1.0776307345283,s3_q40_miss0.25_maf0.02.REF.cichlids.INT.noInv,241126
209,150,5,raxml,40,0.25,0.02,EXT,REF,6.96534757162736e-05,0.0646352171933861,0.0089318394796983,0.0124432640561434,94.875,16.3468065721224,1.26426582325623,1.9870355099372,0.263582133464096,0.407293505963451,0.631498861424397,0.995606347910659,s5_q40_miss0.25_maf0.02.REF.cichlids.EXT.noInv,150283
210,151,4,raxml,40,0.9,0.01,EXT,REF,3.9193120443661e-05,0.0230240299072579,0.00536026434443998,0.00990507799018832,94.875,14.4908261515067,0.73227433306691,1.30049073837504,0.260836486240512,0.367695526217005,0.672683569778162,0.967322076663197,s4_q40_miss0.90_maf0.01.REF.cichlids.EXT.noInv,1240
211,151,4,raxml,40,0.9,0.01,EXT,REF,3.9193120443661e-05,0.0230240299072579,0.00536026434443998,0.00990507799018832,94.875,14.4908261515067,0.73227433306691,1.30049073837504,0.260836486240512,0.367695526217005,0.672683569778162,0.967322076663197,s4_q40_miss0.90_maf0.01.REF.cichlids.EXT.noInv,30092
212,152,3,raxml,40,0,0.02,INT,REF,0.075242651330267,1.00000050002909e-06,0.0131566738769276,0.0380855095627895,92.4375,13.7947048891494,-5.55516034271859,2.83870446819092,0.302021194594277,1.02106219203337,0.636990155871565,1.53017907448769,s3_q40_miss0_maf0.02.REF.cichlids.INT.noInv,511747
213,153,4,raxml,40,0.5,0.01,EXT,REF,1.00000050002909e-06,0.0499914293532586,0.00698308640159135,0.0106933019341821,94.2708333333333,15.2758181636001,-0.46441917399172,2.19105357949644,0.274564722358433,0.381837661840736,0.702885689237589,0.998434775035405,s4_q40_miss0.50_maf0.01.REF.cichlids.EXT.noInv,233942
214,153,4,raxml,40,0.5,0.01,EXT,REF,1.00000050002909e-06,0.0499914293532586,0.00698308640159135,0.0106933019341821,94.2708333333333,15.2758181636001,-0.46441917399172,2.19105357949644,0.274564722358433,0.381837661840736,0.702885689237589,0.998434775035405,s4_q40_miss0.50_maf0.01.REF.cichlids.EXT.noInv,150831
215,154,5,raxml,40,0,0.02,EXT,REF,2.1995740876082,1.00000050002909e-06,0.0403053914222915,0.220893145425566,90.6875,18.5187153752342,-4.75960398464822,3.31393332178451,0.337714608500873,1.02671904628287,0.623261919753644,1.51320851173921,s5_q40_miss0_maf0.02.REF.cichlids.EXT.noInv,410755
216,155,7,raxml,40,0.25,0.01,EXT,REF,1.00000050002909e-06,0.0568240952556212,0.00704765914145947,0.0132899815604987,99.2083333333333,5.06115087968639,1.09847537435337,3.3501383476627,0.277310369582018,0.599626550446192,0.601296741964969,1.19359624664289,s7_q40_miss0.25_maf0.01.REF.cichlids.EXT.noInv,206000
217,156,5,raxml,40,0.9,0.01,INT,REF,0.000752475269012011,0.0407910138599435,0.00732645435400787,0.00923853770412515,94.0416666666667,17.6983691198807,-5.04143559496101,1.86244614233334,0.313003783488614,0.455376767084137,0.895080994888492,1.04934646328084,s5_q40_miss0.90_maf0.01.REF.cichlids.INT.noInv,63413
218,157,8,raxml,40,0.25,0.02,EXT,REF,1.00000050002909e-06,0.048277052794879,0.00722254490795691,0.0116405853473657,94.5625,15.1136210933446,0.697626743364075,2.59669517388086,0.31025813626503,0.497803173955329,0.656209686436656,1.06914545315406,s8_q40_miss0.25_maf0.02.REF.cichlids.EXT.noInv,154049
219,158,1,raxml,40,0.25,0.03,EXT,REF,7.10061093584477e-05,0.0584336380737138,0.00979865222873873,0.0147970543818774,95.8541666666667,13.7917483552679,1.73911712468796,3.49251395121485,0.230634366781084,0.367695526217005,0.604042389188553,0.978635785162182,s1_q40_miss0.25_maf0.03.REF.cichlids.EXT.noInv,228819
220,158,1,raxml,40,0.25,0.03,EXT,REF,7.10061093584477e-05,0.0584336380737138,0.00979865222873873,0.0147970543818774,95.8541666666667,13.7917483552679,1.73911712468796,3.49251395121485,0.230634366781084,0.367695526217005,0.604042389188553,0.978635785162182,s1_q40_miss0.25_maf0.03.REF.cichlids.EXT.noInv,109860
221,159,3,raxml,40,0.75,0.02,EXT,REF,9.98275700447491e-05,0.0437985994507718,0.00703966076200067,0.00996305134194336,95.75,13.1205539582067,0.312826779861932,1.22858642305777,0.376153669631054,0.424264068711929,0.875861464323402,1.02954747340761,s3_q40_miss0.75_maf0.02.REF.cichlids.EXT.noInv,90776
222,160,3,raxml,40,0.9,0.02,EXT,REF,0.000154022101583477,0.0405555939317493,0.00620220371602027,0.00875652710940347,89.4166666666667,19.6715945262623,-1.3826335598195,0.978479475565302,0.296529900147108,0.427092495836675,0.878607111546987,1.03803275478185,s3_q40_miss0.90_maf0.02.REF.cichlids.EXT.noInv,18797
223,161,1,raxml,40,0,0.03,EXT,REF,2.41748955103158,0.000776320381524284,0.0438670560802108,0.24280417668565,94.0833333333333,13.7032894534112,5.43092447701415,5.3695260609556,0.609533683635722,1.09177287015203,1.02687206162054,1.57260548135888,s1_q40_miss0_maf0.03.REF.cichlids.EXT.noInv,584172
224,161,1,raxml,40,0,0.03,EXT,REF,2.41748955103158,0.000776320381524284,0.0438670560802108,0.24280417668565,94.0833333333333,13.7032894534112,5.43092447701415,5.3695260609556,0.609533683635722,1.09177287015203,1.02687206162054,1.57260548135888,s1_q40_miss0_maf0.03.REF.cichlids.EXT.noInv,369394
225,162,5,raxml,40,0.5,0.01,INT,REF,0.000382203407249793,0.0555028211278305,0.00880424949024792,0.0111048049762497,92.4583333333333,22.5161486572329,-5.45676688736758,2.53387980069754,0.318495077935783,0.455376767084137,0.686411805896083,1.04934646328084,s5_q40_miss0.50_maf0.01.REF.cichlids.INT.noInv,201746
226,163,8,raxml,40,0,0.02,EXT,REF,1.76691354743705,1.00000050002909e-06,0.0341007013372475,0.178256925055357,90.5833333333333,16.6743953711344,2.07580729437498,4.47106331550665,0.472251322456505,1.10308657865101,0.801728989286625,1.57826233560837,s8_q40_miss0_maf0.02.REF.cichlids.EXT.noInv,413955
227,164,2,raxml,40,0,0.02,EXT,REF,1.77546990861622,1.00000050002909e-06,0.0345944872670025,0.179523538929522,91.5625,20.3824144582759,2.65339646140465,3.42202917336865,0.450286144667831,1.22188051789035,0.768781222603613,1.7083699833467,s2_q40_miss0_maf0.02.REF.cichlids.EXT.noInv,589395
228,164,2,raxml,40,0,0.02,EXT,REF,1.77546990861622,1.00000050002909e-06,0.0345944872670025,0.179523538929522,91.5625,20.3824144582759,2.65339646140465,3.42202917336865,0.450286144667831,1.22188051789035,0.768781222603613,1.7083699833467,s2_q40_miss0_maf0.02.REF.cichlids.EXT.noInv,410105
229,165,2,raxml,40,0.25,0.02,EXT,REF,1.00000050002909e-06,0.072546711978319,0.00745291706778336,0.0119187576576521,92.2291666666667,16.3917981350214,0.834149141500581,1.90612676853877,0.359679786289548,0.472347329832614,0.733087808697017,1.08894444302728,s2_q40_miss0.25_maf0.02.REF.cichlids.EXT.noInv,258110
230,165,2,raxml,40,0.25,0.02,EXT,REF,1.00000050002909e-06,0.072546711978319,0.00745291706778336,0.0119187576576521,92.2291666666667,16.3917981350214,0.834149141500581,1.90612676853877,0.359679786289548,0.472347329832614,0.733087808697017,1.08894444302728,s2_q40_miss0.25_maf0.02.REF.cichlids.EXT.noInv,146630
231,166,1,raxml,40,0.75,0.01,INT,REF,0.000594251125609044,0.0498916840353231,0.00745116637231868,0.0106758290312759,96.625,13.7014131900419,-5.16137009334392,3.26074169502647,0.345951550171626,0.441234631460406,0.735833455920601,1.05217489040558,s1_q40_miss0.75_maf0.01.REF.cichlids.INT.noInv,151522
232,166,1,raxml,40,0.75,0.01,INT,REF,0.000594251125609044,0.0498916840353231,0.00745116637231868,0.0106758290312759,96.625,13.7014131900419,-5.16137009334392,3.26074169502647,0.345951550171626,0.441234631460406,0.735833455920601,1.05217489040558,s1_q40_miss0.75_maf0.01.REF.cichlids.INT.noInv,110011
233,167,3,raxml,40,0.5,0.02,EXT,REF,0.000109970104835623,0.041231133784274,0.00779373994581896,0.0111226090527945,97.3125,9.82865166831246,0.705785118872253,1.53580680641528,0.304766841817861,0.424264068711929,0.777018164274366,1.02954747340761,s3_q40_miss0.50_maf0.02.REF.cichlids.EXT.noInv,142527
234,168,3,raxml,40,0.75,0.02,INT,REF,0.000544463269837861,0.0424922195924879,0.00734793957604753,0.00987335159220742,95.4791666666667,15.0247874390506,-4.53723395746571,1.78905337262783,0.351442844618795,0.472347329832614,0.829185461522469,1.0776307345283,s3_q40_miss0.75_maf0.02.REF.cichlids.INT.noInv,134351
235,169,1,raxml,40,0.75,0.03,EXT,REF,9.94296357823916e-05,0.0878645422690752,0.00939636655673531,0.0137957543460358,95.2083333333333,14.8208569731456,0.451514391894804,3.34898782437131,0.343205902948042,0.379009234715989,0.738579103144186,0.989949493661166,s1_q40_miss0.75_maf0.03.REF.cichlids.EXT.noInv,67833
236,169,1,raxml,40,0.75,0.03,EXT,REF,9.94296357823916e-05,0.0878645422690752,0.00939636655673531,0.0137957543460358,95.2083333333333,14.8208569731456,0.451514391894804,3.34898782437131,0.343205902948042,0.379009234715989,0.738579103144186,0.989949493661166,s1_q40_miss0.75_maf0.03.REF.cichlids.EXT.noInv,53389
237,170,4,raxml,40,0.25,0.01,INT,REF,4.79567904793015e-05,0.0423536892842921,0.00755411842123062,0.0108270852840524,96.3958333333333,11.8262952299208,-4.97375751398643,3.77095957631717,0.31025813626503,0.554371716450253,0.727596514249848,1.15965512114594,s4_q40_miss0.25_maf0.01.REF.cichlids.INT.noInv,401756
238,170,4,raxml,40,0.25,0.01,INT,REF,4.79567904793015e-05,0.0423536892842921,0.00755411842123062,0.0108270852840524,96.3958333333333,11.8262952299208,-4.97375751398643,3.77095957631717,0.31025813626503,0.554371716450253,0.727596514249848,1.15965512114594,s4_q40_miss0.25_maf0.01.REF.cichlids.INT.noInv,254149
239,171,1,raxml,40,0.5,0.03,EXT,REF,1.00000050002909e-06,0.0498842555150006,0.00963555625825583,0.0141095326264801,93.6458333333333,19.0301994973201,1.46521747274272,3.48903140340106,0.291038605699939,0.429920922961421,0.65895533366024,1.0408611819066,s1_q40_miss0.50_maf0.03.REF.cichlids.EXT.noInv,182820
240,171,1,raxml,40,0.5,0.03,EXT,REF,1.00000050002909e-06,0.0498842555150006,0.00963555625825583,0.0141095326264801,93.6458333333333,19.0301994973201,1.46521747274272,3.48903140340106,0.291038605699939,0.429920922961421,0.65895533366024,1.0408611819066,s1_q40_miss0.50_maf0.03.REF.cichlids.EXT.noInv,90385
241,172,3,raxml,40,0.9,0.02,INT,REF,0.00115241274712233,0.0291028630479711,0.00647962039511094,0.00875173615706847,94.0208333333333,14.4125973021141,-5.35473500065072,1.49228141662975,0.359679786289548,0.480832611206852,0.831931108746053,1.08045916165304,s3_q40_miss0.90_maf0.02.REF.cichlids.INT.noInv,27207
242,173,1,raxml,40,0.9,0.01,INT,REF,0.000904715718925817,0.0405723199483158,0.00657981396655715,0.00930192266011529,94.125,16.9776135455525,-5.68824796893238,3.01773888955412,0.285547311252771,0.432749350086167,0.702885689237589,1.04934646328084,s1_q40_miss0.90_maf0.01.REF.cichlids.INT.noInv,11989
243,173,1,raxml,40,0.9,0.01,INT,REF,0.000904715718925817,0.0405723199483158,0.00657981396655715,0.00930192266011529,94.125,16.9776135455525,-5.68824796893238,3.01773888955412,0.285547311252771,0.432749350086167,0.702885689237589,1.04934646328084,s1_q40_miss0.90_maf0.01.REF.cichlids.INT.noInv,46318
244,174,1,raxml,40,0.9,0.03,EXT,REF,0.000278734084720294,0.0598351313842958,0.00853476152175959,0.012544262162465,93.0625,16.8161602240479,0.865094641554098,3.06122735934945,0.233380014004668,0.370523953341751,0.606788036412138,0.981464212286928,s1_q40_miss0.90_maf0.03.REF.cichlids.EXT.noInv,5563
245,174,1,raxml,40,0.9,0.03,EXT,REF,0.000278734084720294,0.0598351313842958,0.00853476152175959,0.012544262162465,93.0625,16.8161602240479,0.865094641554098,3.06122735934945,0.233380014004668,0.370523953341751,0.606788036412138,0.981464212286928,s1_q40_miss0.90_maf0.03.REF.cichlids.EXT.noInv,22736
246,175,1,raxml,40,0.5,0.01,INT,REF,0.000326128024166605,0.0563703791571614,0.00799802883639106,0.0116295960691407,97.6458333333333,7.96131493291108,-5.65276717727807,3.49912905050537,0.345951550171626,0.441234631460406,0.735833455920601,1.05217489040558,s1_q40_miss0.50_maf0.01.REF.cichlids.INT.noInv,359851
247,175,1,raxml,40,0.5,0.01,INT,REF,0.000326128024166605,0.0563703791571614,0.00799802883639106,0.0116295960691407,97.6458333333333,7.96131493291108,-5.65276717727807,3.49912905050537,0.345951550171626,0.441234631460406,0.735833455920601,1.05217489040558,s1_q40_miss0.50_maf0.01.REF.cichlids.INT.noInv,176696
248,176,5,raxml,40,0.75,0.02,EXT,REF,8.59866425571382e-05,0.0521571409011025,0.00801905936302631,0.0106960411597893,93.4583333333333,19.0396655760606,0.553112957566506,1.66627734444049,0.345951550171626,0.398808224589213,0.840168050416806,0.992777920785913,s5_q40_miss0.75_maf0.02.REF.cichlids.EXT.noInv,96647
249,177,5,raxml,40,0.5,0.02,EXT,REF,5.32362646265695e-05,0.0605908514037373,0.00859430398793369,0.0116608058272966,92.9375,20.5813448374772,1.11666115108606,1.856907424842,0.263582133464096,0.398808224589213,0.631498861424397,0.992777920785913,s5_q40_miss0.50_maf0.02.REF.cichlids.EXT.noInv,134485
250,178,2,raxml,40,0.75,0.02,EXT,REF,4.10698735685488e-05,0.0472768841424459,0.00644338604126306,0.0101969206238945,87.2083333333333,22.6424176715779,-0.033308121557497,1.55478564970699,0.337714608500873,0.441234631460406,0.700140042014005,1.05217489040558,s2_q40_miss0.75_maf0.02.REF.cichlids.EXT.noInv,47745
251,178,2,raxml,40,0.75,0.02,EXT,REF,4.10698735685488e-05,0.0472768841424459,0.00644338604126306,0.0101969206238945,87.2083333333333,22.6424176715779,-0.033308121557497,1.55478564970699,0.337714608500873,0.441234631460406,0.700140042014005,1.05217489040558,s2_q40_miss0.75_maf0.02.REF.cichlids.EXT.noInv,63868
252,179,8,raxml,40,0.75,0.02,EXT,REF,1.00000050002909e-06,0.0413435818884197,0.00653154397789519,0.0102581689354345,92.7083333333333,17.778732613247,-0.222166883696388,1.98138036664208,0.34869719739521,0.483661038331599,0.716613925355511,1.05500331753033,s8_q40_miss0.75_maf0.02.REF.cichlids.EXT.noInv,86066
253,180,2,raxml,40,0.9,0.02,EXT,REF,0.000208657324375447,0.0267342807310728,0.00551464100721785,0.0088221438050598,80.0208333333333,26.368493113525,2.33082442824041,2.10615190526673,0.313003783488614,0.441234631460406,0.702885689237589,1.05217489040558,s2_q40_miss0.90_maf0.02.REF.cichlids.EXT.noInv,320
254,180,2,raxml,40,0.9,0.02,EXT,REF,0.000208657324375447,0.0267342807310728,0.00551464100721785,0.0088221438050598,80.0208333333333,26.368493113525,2.33082442824041,2.10615190526673,0.313003783488614,0.441234631460406,0.702885689237589,1.05217489040558,s2_q40_miss0.90_maf0.02.REF.cichlids.EXT.noInv,7920
255,181,3,raxml,40,0.5,0.02,INT,REF,0.000312446308708386,0.0487868142207997,0.00802933246298094,0.0107535849710299,97.1041666666667,10.2193799689783,-5.25552580309419,2.28741408275968,0.351442844618795,0.472347329832614,0.829185461522469,1.0776307345283,s3_q40_miss0.50_maf0.02.REF.cichlids.INT.noInv,213448
256,182,6,raxml,40,0.25,0.01,INT,REF,5.44069929658321e-05,0.0374779602846682,0.00681719268677835,0.0103061489200372,99.7916666666667,0.770695550269803,-3.96129925237436,4.25486722234329,0.280056016805602,0.89095454429505,0.598551094741385,1.42835569799683,s6_q40_miss0.25_maf0.01.REF.cichlids.INT.noInv,261972
257,183,8,raxml,40,0.5,0.02,EXT,REF,1.00000050002909e-06,0.0471414484973906,0.00693874331334179,0.0110229022770918,94.7291666666667,14.2779991198084,0.34234687140245,2.36805686117061,0.313003783488614,0.497803173955329,0.669937922554577,1.06914545315406,s8_q40_miss0.50_maf0.02.REF.cichlids.EXT.noInv,136057
258,184,8,raxml,40,0.9,0.02,EXT,REF,7.43000312912309e-06,0.0343634449625473,0.00604025965431756,0.00931711416870718,86.1041666666667,26.2631848009057,0.218930273457607,2.0502563310623,0.318495077935783,0.45254833995939,0.691903100343252,1.02954747340761,s8_q40_miss0.90_maf0.02.REF.cichlids.EXT.noInv,23928
259,185,8,raxml,40,0.25,0.01,INT,REF,0.000304121196171806,0.050492491406866,0.00738860219648563,0.0112182938675732,94.3333333333333,13.6137185711081,-5.96471117130107,3.49794500018373,0.425575319655572,0.565685424949238,0.837422403193221,1.13702770414797,s8_q40_miss0.25_maf0.01.REF.cichlids.INT.noInv,232146
260,186,5,raxml,40,0.9,0.02,EXT,REF,0.00011695262788073,0.0431209234723016,0.00701588321269831,0.009359573191071,91.6875,22.4112018438348,0.293868161017281,1.27237342692618,0.345951550171626,0.449719912834644,0.757798633709276,1.02106219203337,s5_q40_miss0.90_maf0.02.REF.cichlids.EXT.noInv,42959
261,187,9,raxml,40,0.25,0.02,EXT,REF,1.00000050002909e-06,0.0623485260077099,0.00682017064936782,0.0107781112270427,97.5416666666667,9.58269347231754,1.93714861561091,3.22309251460612,0.461268733562168,0.53457272657703,0.867624522652649,1.10025815152627,s9_q40_miss0.25_maf0.02.REF.cichlids.EXT.noInv,154161
262,188,10,raxml,40,0.75,0,EXT,REF,1.00000050002909e-06,0.102881408333079,0.00615974578652259,0.0128418619271108,88.0208333333333,23.4634070763648,0.800480644816401,2.00377049516056,0.304766841817861,0.610940258945177,0.623261919753644,1.1879393923934,s10_q40_miss0.75_maf0.REF.cichlids.EXT.noInv,137401
263,189,9,raxml,40,0,0.02,EXT,REF,1.71844157830837,1.00000050002909e-06,0.0332448516947994,0.173399774975705,94.0208333333333,10.5315929637738,-6.39090457346474,4.88454371490553,0.241616955675421,1.02671904628287,0.516181678033855,1.50755165748972,s9_q40_miss0_maf0.02.REF.cichlids.EXT.noInv,414895
264,190,6,raxml,40,0.25,0.02,EXT,REF,1.00000050002909e-06,2.00000100005818e-06,0.00661552305366849,0.0104976098878751,97.7708333333333,10.3702511989381,4.02843785225369,3.82238148858785,0.296529900147108,0.752361615182487,0.626007566977228,1.29541962313375,s6_q40_miss0.25_maf0.02.REF.cichlids.EXT.noInv,176036
265,191,10,raxml,40,0.9,0,EXT,REF,1.00000050002909e-06,0.0966186821401139,0.00480905198316738,0.011330093748801,85.0833333333333,26.2385402205954,-0.629957400463852,1.55359541697904,0.291038605699939,0.599626550446192,0.604042389188553,1.17662568389442,s10_q40_miss0.90_maf0.REF.cichlids.EXT.noInv,37557
266,192,3,raxml,40,0.25,0.03,EXT,REF,0.000192236706857916,0.0933272668196183,0.0109684805399505,0.0137915233836585,97.3125,9.45573393530715,1.3033781688544,2.69732812608229,0.304766841817861,0.424264068711929,0.782509458721535,1.02954747340761,s3_q40_miss0.25_maf0.03.REF.cichlids.EXT.noInv,114323
267,193,3,raxml,40,0,0.03,EXT,REF,2.67664496919942,1.00000050002909e-06,0.0479486415469717,0.268024738684331,94.4791666666667,10.5447165016083,-4.75418759408783,4.15229148295728,0.302021194594277,1.02106219203337,0.631498861424397,1.53017907448769,s3_q40_miss0_maf0.03.REF.cichlids.EXT.noInv,375223
268,194,1,raxml,40,0.25,0.04,EXT,REF,7.82097313938634e-05,0.0675591632698724,0.0111274583954428,0.0167889417093071,96.25,12.1383864468023,1.582530542651,3.93936424493872,0.230634366781084,0.367695526217005,0.604042389188553,0.978635785162182,s1_q40_miss0.25_maf0.04.REF.cichlids.EXT.noInv,191859
269,194,1,raxml,40,0.25,0.04,EXT,REF,7.82097313938634e-05,0.0675591632698724,0.0111274583954428,0.0167889417093071,96.25,12.1383864468023,1.582530542651,3.93936424493872,0.230634366781084,0.367695526217005,0.604042389188553,0.978635785162182,s1_q40_miss0.25_maf0.04.REF.cichlids.EXT.noInv,95257
270,195,10,raxml,40,0,0,EXT,REF,0.0125598251138615,0.00153285929616733,0.0127196112634359,0.0397897475087417,78.5833333333333,36.5588033076957,-10.0078795329211,7.4353426582868,0.274564722358433,0.667508801440101,0.57658591695271,1.22753737213985,s10_q40_miss0_maf0.REF.cichlids.EXT.noInv,520445
271,196,8,raxml,40,0,0.01,INT,REF,0.0330841877223863,0.000160064759220822,0.0111612811282078,0.0345976094223609,91.8541666666667,16.5040157374196,2.03473309200629,3.6818133372448,0.47499696968009,1.09742972440152,0.809965930957378,1.57260548135888,s8_q40_miss0_maf0.01.REF.cichlids.INT.noInv,500473
272,197,2,raxml,40,0.5,0.02,EXT,REF,4.73726978000662e-05,0.021211634572702,0.00712781680938561,0.0113310067645583,92.5833333333333,15.583451852244,0.24283723885642,1.63699896962859,0.299275547370692,0.401636651713959,0.672683569778162,1.02389061915812,s2_q40_miss0.50_maf0.02.REF.cichlids.EXT.noInv,217214
273,197,2,raxml,40,0.5,0.02,EXT,REF,4.73726978000662e-05,0.021211634572702,0.00712781680938561,0.0113310067645583,92.5833333333333,15.583451852244,0.24283723885642,1.63699896962859,0.299275547370692,0.401636651713959,0.672683569778162,1.02389061915812,s2_q40_miss0.50_maf0.02.REF.cichlids.EXT.noInv,127017
274,198,6,raxml,40,0,0.01,INT,REF,0.0115459635187758,0.000319676296256839,0.0112890987860683,0.0344854610797044,99.7708333333333,0.627035691859122,-7.01012579705729,2.69105262230657,0.32947766683012,0.814587011926903,0.713868278131927,1.35198816562868,s6_q40_miss0_maf0.01.REF.cichlids.INT.noInv,548205
275,199,7,raxml,40,0.5,0.01,EXT,REF,1.00000050002909e-06,0.0543972440470841,0.00670544304361079,0.0127781210793971,98.8541666666667,7.08306215584376,0.763705019196052,3.15254348383147,0.277310369582018,0.599626550446192,0.601296741964969,1.19359624664289,s7_q40_miss0.50_maf0.01.REF.cichlids.EXT.noInv,185333
276,200,1,raxml,40,0,0.04,EXT,REF,2.64831666518888,0.000713554486476659,0.0478972027497568,0.265815528422302,94.0416666666667,13.659940396327,5.81598355641504,5.62741567981163,0.609533683635722,1.09177287015203,1.02687206162054,1.57260548135888,s1_q40_miss0_maf0.04.REF.cichlids.EXT.noInv,547212
277,200,1,raxml,40,0,0.04,EXT,REF,2.64831666518888,0.000713554486476659,0.0478972027497568,0.265815528422302,94.0416666666667,13.659940396327,5.81598355641504,5.62741567981163,0.609533683635722,1.09177287015203,1.02687206162054,1.57260548135888,s1_q40_miss0_maf0.04.REF.cichlids.EXT.noInv,354791
278,201,10,raxml,40,0,0,INT,REF,0.0107670568692115,0.00315522089071373,0.0126267638713733,0.0364667028981735,83.3958333333333,29.5287379555616,-9.51571232271711,6.2515875677982,0.282801664029186,0.701449926937055,0.573840269729126,1.2614784976368,s10_q40_miss0_maf0.REF.cichlids.INT.noInv,640278
279,202,4,raxml,40,0.25,0.02,EXT,REF,1.00000050002909e-06,0.0566662855040195,0.00734069796211781,0.0112297373134074,93.6666666666667,18.8288295625362,-1.23505500050051,2.20703188779821,0.288292958476355,0.390322943214974,0.711122630908342,1.00126320216015,s4_q40_miss0.25_maf0.02.REF.cichlids.EXT.noInv,282088
280,202,4,raxml,40,0.25,0.02,EXT,REF,1.00000050002909e-06,0.0566662855040195,0.00734069796211781,0.0112297373134074,93.6666666666667,18.8288295625362,-1.23505500050051,2.20703188779821,0.288292958476355,0.390322943214974,0.711122630908342,1.00126320216015,s4_q40_miss0.25_maf0.02.REF.cichlids.EXT.noInv,170828
281,203,4,raxml,40,0,0.01,INT,REF,0.0151571892459157,0.000210430937244952,0.0126457528471654,0.0388251852809509,84.75,34.1433149744838,-7.82099019091778,3.02223312254861,0.334968961277289,0.45254833995939,0.752307339262107,1.05217489040558,s4_q40_miss0_maf0.01.REF.cichlids.INT.noInv,797110
282,203,4,raxml,40,0,0.01,INT,REF,0.0151571892459157,0.000210430937244952,0.0126457528471654,0.0388251852809509,84.75,34.1433149744838,-7.82099019091778,3.02223312254861,0.334968961277289,0.45254833995939,0.752307339262107,1.05217489040558,s4_q40_miss0_maf0.01.REF.cichlids.INT.noInv,546337
283,204,3,raxml,40,0.75,0.03,EXT,REF,0.000234536027257484,0.0920086534723672,0.010639055745361,0.0126405299468924,95.375,14.4878892931377,0.419645938711767,2.53392654561949,0.304766841817861,0.424264068711929,0.782509458721535,1.02954747340761,s3_q40_miss0.75_maf0.03.REF.cichlids.EXT.noInv,55798
284,205,9,raxml,40,0,0.01,INT,REF,0.0225531823325875,0.000696484391724056,0.0103444018076175,0.0325621369687624,95.5416666666667,13.6459148798386,-5.09128070969025,3.95376343520148,0.241616955675421,1.02671904628287,0.516181678033855,1.50755165748972,s9_q40_miss0_maf0.01.REF.cichlids.INT.noInv,502551
285,206,3,raxml,40,0.9,0.03,EXT,REF,7.35631442793978e-05,0.0525622384350469,0.00968857131804228,0.0108946280824979,88.5625,19.8729006652543,-1.38405799271295,2.20055240375625,0.296529900147108,0.427092495836675,0.884098405994155,1.03803275478185,s3_q40_miss0.90_maf0.03.REF.cichlids.EXT.noInv,11347
286,207,9,raxml,40,0.25,0.01,INT,REF,0.00028867260980219,0.0482407628849217,0.0069726859427896,0.0103936442955071,95.4583333333333,14.7474604136605,-5.20651189957052,3.76597645461043,0.461268733562168,0.53457272657703,0.867624522652649,1.10025815152627,s9_q40_miss0.25_maf0.01.REF.cichlids.INT.noInv,233003
287,208,1,raxml,40,0.75,0.04,EXT,REF,0.000117777470606867,0.0710960949073368,0.0106451215188234,0.016117280360444,94.9375,15.194352604301,0.500212083634999,3.86544470236853,0.233380014004668,0.379009234715989,0.63973580309515,0.989949493661166,s1_q40_miss0.75_maf0.04.REF.cichlids.EXT.noInv,61150
288,208,1,raxml,40,0.75,0.04,EXT,REF,0.000117777470606867,0.0710960949073368,0.0106451215188234,0.016117280360444,94.9375,15.194352604301,0.500212083634999,3.86544470236853,0.233380014004668,0.379009234715989,0.63973580309515,0.989949493661166,s1_q40_miss0.75_maf0.04.REF.cichlids.EXT.noInv,46481
289,209,9,raxml,40,0.75,0.02,EXT,REF,1.00000050002909e-06,0.0495699771352624,0.00599095911216194,0.00925539268813334,95.875,11.3823771962757,0.146074103032765,1.93852729580065,0.442049202997078,0.463862048458375,0.853896286534727,1.02954747340761,s9_q40_miss0.75_maf0.02.REF.cichlids.EXT.noInv,86165
290,210,1,raxml,40,0.5,0.04,EXT,REF,6.49439345808835e-05,0.10773179156597,0.0111494676291471,0.0166464444519446,95.7083333333333,12.912073079319,0.894012597893966,3.96967362144372,0.230634366781084,0.367695526217005,0.598551094741385,0.978635785162182,s1_q40_miss0.50_maf0.04.REF.cichlids.EXT.noInv,145860
291,210,1,raxml,40,0.5,0.04,EXT,REF,6.49439345808835e-05,0.10773179156597,0.0111494676291471,0.0166464444519446,95.7083333333333,12.912073079319,0.894012597893966,3.96967362144372,0.230634366781084,0.367695526217005,0.598551094741385,0.978635785162182,s1_q40_miss0.50_maf0.04.REF.cichlids.EXT.noInv,75782
292,211,1,raxml,40,0.9,0.04,EXT,REF,0.000365722496156847,0.0694247090687715,0.00964579205682333,0.0147314986255156,92.9375,16.7171796588025,1.053297022373,3.55177245201431,0.233380014004668,0.370523953341751,0.606788036412138,0.981464212286928,s1_q40_miss0.90_maf0.04.REF.cichlids.EXT.noInv,5012
293,211,1,raxml,40,0.9,0.04,EXT,REF,0.000365722496156847,0.0694247090687715,0.00964579205682333,0.0147314986255156,92.9375,16.7171796588025,1.053297022373,3.55177245201431,0.233380014004668,0.370523953341751,0.606788036412138,0.981464212286928,s1_q40_miss0.90_maf0.04.REF.cichlids.EXT.noInv,19927
294,212,3,raxml,40,0.5,0.03,EXT,REF,0.000200917645762249,0.0961700423619419,0.0108092698701934,0.0131409469540182,96.5833333333333,10.9541274322247,0.981305731248626,2.68129230374327,0.376153669631054,0.424264068711929,0.875861464323402,1.02954747340761,s3_q40_miss0.50_maf0.03.REF.cichlids.EXT.noInv,96678
295,213,3,raxml,40,0.25,0.03,INT,REF,0.000724574317747391,0.0406896799792509,0.0112738160166048,0.0132401756150533,95.7708333333333,15.3224068762799,-5.93960764534254,3.3400204833462,0.351442844618795,0.472347329832614,0.8236941670753,1.0776307345283,s3_q40_miss0.25_maf0.03.REF.cichlids.INT.noInv,172158
